caso_id,mensaje_original,mensaje_normalizado,intencion_esperada,coincidencia_exacta,evidencia_detectada,entidades_detectadas,extraccion_sintactica,error
caso_001,"Parce, ¿qué almuerzo tienen barato?","parce, ¿qué almuerzo tienen barato?",precio.solicitar_recomendacion_por_presupuesto,False,[],[],"{""quantities"": [], ""monetary_values"": [], ""has_negation"": false, ""referenced_entities"": []}",
caso_002,¿Hay ejecutivo hoy?,¿hay ejecutivo hoy?,catalogo.consultar_categoria,False,[],"[{""entity_type"": ""CATEGORIA"", ""entity_id"": ""almuerzos_ejecutivos"", ""canonical"": ""Almuerzos Ejecutivos"", ""text"": ""ejecutivo"", ""normalized_text"": ""ejecutivo"", ""start_char"": 5, ""end_char"": 14, ""start_token"": 2, ""end_token"": 3, ""priority"": 70, ""source"": ""PhraseMatcher""}, {""entity_type"": ""FECHA_RELATIVA"", ""entity_id"": ""hoy"", ""canonical"": ""Hoy"", ""text"": ""hoy"", ""normalized_text"": ""hoy"", ""start_char"": 15, ""end_char"": 18, ""start_token"": 3, ""end_token"": 4, ""priority"": 50, ""source"": ""PhraseMatcher""}]","{""quantities"": [], ""monetary_values"": [], ""has_negation"": false, ""referenced_entities"": [{""entity_type"": ""CATEGORIA"", ""entity_id"": ""almuerzos_ejecutivos"", ""canonical"": ""Almuerzos Ejecutivos"", ""text"": ""ejecutivo""}, {""entity_type"": ""FECHA_RELATIVA"", ""entity_id"": ""hoy"", ""canonical"": ""Hoy"", ""text"": ""hoy""}]}",
caso_003,¿Qué puedo pedir con veinte lucas?,¿qué puedo pedir con veinte lucas?,precio.solicitar_recomendacion_por_presupuesto,True,"[{""rule_id"": ""PRICE_BUDGET"", ""intent"": ""precio"", ""subintent"": ""solicitar_recomendacion_por_presupuesto"", ""weight"": 0.58, ""text"": ""con veinte"", ""start_token"": 4, ""end_token"": 6, ""requires_context"": false}, {""rule_id"": ""PRICE_BUDGET"", ""intent"": ""precio"", ""subintent"": ""solicitar_recomendacion_por_presupuesto"", ""weight"": 0.58, ""text"": ""con veinte lucas"", ""start_token"": 4, ""end_token"": 7, ""requires_context"": false}, {""rule_id"": ""QUANTITY_ONLY"", ""intent"": ""pedido"", ""subintent"": ""indicar_cantidad"", ""weight"": 0.38, ""text"": ""veinte"", ""start_token"": 5, ""end_token"": 6, ""requires_context"": true}]",[],"{""quantities"": [], ""monetary_values"": [20000], ""has_negation"": false, ""referenced_entities"": []}",
caso_004,¿Reciben Nequi?,¿reciben nequi?,pago.consultar_medio_pago,True,"[{""rule_id"": ""PAYMENT_QUERY"", ""intent"": ""pago"", ""subintent"": ""consultar_medio_pago"", ""weight"": 0.55, ""text"": ""reciben nequi"", ""start_token"": 1, ""end_token"": 3, ""requires_context"": false}, {""rule_id"": ""PAYMENT_QUERY"", ""intent"": ""pago"", ""subintent"": ""consultar_medio_pago"", ""weight"": 0.55, ""text"": ""nequi"", ""start_token"": 2, ""end_token"": 3, ""requires_context"": false}]","[{""entity_type"": ""MEDIO_PAGO"", ""entity_id"": ""nequi"", ""canonical"": ""nequi"", ""text"": ""nequi"", ""normalized_text"": ""nequi"", ""start_char"": 9, ""end_char"": 14, ""start_token"": 2, ""end_token"": 3, ""priority"": 70, ""source"": ""PhraseMatcher""}]","{""quantities"": [], ""monetary_values"": [], ""has_negation"": false, ""referenced_entities"": [{""entity_type"": ""MEDIO_PAGO"", ""entity_id"": ""nequi"", ""canonical"": ""nequi"", ""text"": ""nequi""}]}",
caso_005,¿El domi cuánto vale?,¿el domicilio cuánto vale?,domicilio.consultar_domicilio,True,"[{""rule_id"": ""MENU_REQUEST"", ""intent"": ""menu"", ""subintent"": ""solicitar_menu"", ""weight"": 0.55, ""text"": ""domicilio"", ""start_token"": 2, ""end_token"": 3, ""requires_context"": false}, {""rule_id"": ""DELIVERY_QUERY"", ""intent"": ""domicilio"", ""subintent"": ""consultar_domicilio"", ""weight"": 0.54, ""text"": ""domicilio"", ""start_token"": 2, ""end_token"": 3, ""requires_context"": false}, {""rule_id"": ""DELIVERY_QUERY"", ""intent"": ""domicilio"", ""subintent"": ""consultar_domicilio"", ""weight"": 0.54, ""text"": ""domicilio cuánto"", ""start_token"": 2, ""end_token"": 4, ""requires_context"": false}, {""rule_id"": ""DELIVERY_QUERY"", ""intent"": ""domicilio"", ""subintent"": ""consultar_domicilio"", ""weight"": 0.54, ""text"": ""domicilio cuánto vale"", ""start_token"": 2, ""end_token"": 5, ""requires_context"": false}]","[{""entity_type"": ""SERVICIO"", ""entity_id"": ""domicilio"", ""canonical"": ""domicilio"", ""text"": ""domicilio"", ""normalized_text"": ""domicilio"", ""start_char"": 4, ""end_char"": 13, ""start_token"": 2, ""end_token"": 3, ""priority"": 60, ""source"": ""PhraseMatcher""}]","{""quantities"": [], ""monetary_values"": [], ""has_negation"": false, ""referenced_entities"": [{""entity_type"": ""SERVICIO"", ""entity_id"": ""domicilio"", ""canonical"": ""domicilio"", ""text"": ""domicilio""}]}",
caso_006,Pásame el menú,pásame el menú,menu.solicitar_menu,True,"[{""rule_id"": ""MENU_RETRY"", ""intent"": ""menu"", ""subintent"": ""reenviar_menu"", ""weight"": 0.65, ""text"": ""menú"", ""start_token"": 2, ""end_token"": 3, ""requires_context"": true}, {""rule_id"": ""MENU_REQUEST"", ""intent"": ""menu"", ""subintent"": ""solicitar_menu"", ""weight"": 0.55, ""text"": ""menú"", ""start_token"": 2, ""end_token"": 3, ""requires_context"": false}, {""rule_id"": ""DELIVERY_QUERY"", ""intent"": ""domicilio"", ""subintent"": ""consultar_domicilio"", ""weight"": 0.54, ""text"": ""menú"", ""start_token"": 2, ""end_token"": 3, ""requires_context"": false}]","[{""entity_type"": ""SERVICIO"", ""entity_id"": ""menu_pdf"", ""canonical"": ""menu_pdf"", ""text"": ""menú"", ""normalized_text"": ""menú"", ""start_char"": 10, ""end_char"": 14, ""start_token"": 2, ""end_token"": 3, ""priority"": 60, ""source"": ""PhraseMatcher""}]","{""quantities"": [], ""monetary_values"": [], ""has_negation"": false, ""referenced_entities"": [{""entity_type"": ""SERVICIO"", ""entity_id"": ""menu_pdf"", ""canonical"": ""menu_pdf"", ""text"": ""menú""}]}",
caso_007,Pásame el menú,pásame el menú,menu.solicitar_menu,True,"[{""rule_id"": ""MENU_RETRY"", ""intent"": ""menu"", ""subintent"": ""reenviar_menu"", ""weight"": 0.65, ""text"": ""menú"", ""start_token"": 2, ""end_token"": 3, ""requires_context"": true}, {""rule_id"": ""MENU_REQUEST"", ""intent"": ""menu"", ""subintent"": ""solicitar_menu"", ""weight"": 0.55, ""text"": ""menú"", ""start_token"": 2, ""end_token"": 3, ""requires_context"": false}, {""rule_id"": ""DELIVERY_QUERY"", ""intent"": ""domicilio"", ""subintent"": ""consultar_domicilio"", ""weight"": 0.54, ""text"": ""menú"", ""start_token"": 2, ""end_token"": 3, ""requires_context"": false}]","[{""entity_type"": ""SERVICIO"", ""entity_id"": ""menu_pdf"", ""canonical"": ""menu_pdf"", ""text"": ""menú"", ""normalized_text"": ""menú"", ""start_char"": 10, ""end_char"": 14, ""start_token"": 2, ""end_token"": 3, ""priority"": 60, ""source"": ""PhraseMatcher""}]","{""quantities"": [], ""monetary_values"": [], ""has_negation"": false, ""referenced_entities"": [{""entity_type"": ""SERVICIO"", ""entity_id"": ""menu_pdf"", ""canonical"": ""menu_pdf"", ""text"": ""menú""}]}",
caso_008,Mándamelo otra vez,mándamelo otra vez,menu.reenviar_menu,True,"[{""rule_id"": ""MENU_RETRY"", ""intent"": ""menu"", ""subintent"": ""reenviar_menu"", ""weight"": 0.65, ""text"": ""mándamelo"", ""start_token"": 0, ""end_token"": 1, ""requires_context"": true}, {""rule_id"": ""MENU_RETRY"", ""intent"": ""menu"", ""subintent"": ""reenviar_menu"", ""weight"": 0.65, ""text"": ""mándamelo otra"", ""start_token"": 0, ""end_token"": 2, ""requires_context"": true}, {""rule_id"": ""MENU_RETRY"", ""intent"": ""menu"", ""subintent"": ""reenviar_menu"", ""weight"": 0.65, ""text"": ""mándamelo otra vez"", ""start_token"": 0, ""end_token"": 3, ""requires_context"": true}, {""rule_id"": ""MENU_RETRY"", ""intent"": ""menu"", ""subintent"": ""reenviar_menu"", ""weight"": 0.65, ""text"": ""otra"", ""start_token"": 1, ""end_token"": 2, ""requires_context"": true}, {""rule_id"": ""MENU_RETRY"", ""intent"": ""menu"", ""subintent"": ""reenviar_menu"", ""weight"": 0.65, ""text"": ""otra vez"", ""start_token"": 1, ""end_token"": 3, ""requires_context"": true}, {""rule_id"": ""MENU_RETRY"", ""intent"": ""menu"", ""subintent"": ""reenviar_menu"", ""weight"": 0.65, ""text"": ""vez"", ""start_token"": 2, ""end_token"": 3, ""requires_context"": true}]",[],"{""quantities"": [], ""monetary_values"": [], ""has_negation"": false, ""referenced_entities"": []}",
caso_009,¿Cuánto vale la mojarra frita?,¿cuánto vale la mojarra frita?,precio.consultar_precio_producto,True,"[{""rule_id"": ""PRICE_Q_WH"", ""intent"": ""precio"", ""subintent"": ""consultar_precio_producto"", ""weight"": 0.55, ""text"": ""cuánto vale la mojarra"", ""start_token"": 1, ""end_token"": 5, ""requires_context"": false}, {""rule_id"": ""PRICE_Q_WH"", ""intent"": ""precio"", ""subintent"": ""consultar_precio_producto"", ""weight"": 0.55, ""text"": ""cuánto vale la mojarra frita"", ""start_token"": 1, ""end_token"": 6, ""requires_context"": false}]","[{""entity_type"": ""PRODUCTO_ESPECIFICO"", ""entity_id"": ""mojarra_frita"", ""canonical"": ""Mojarra Frita"", ""text"": ""mojarra frita"", ""normalized_text"": ""mojarra frita"", ""start_char"": 16, ""end_char"": 29, ""start_token"": 4, ""end_token"": 6, ""priority"": 100, ""source"": ""PhraseMatcher""}]","{""quantities"": [], ""monetary_values"": [], ""has_negation"": false, ""referenced_entities"": [{""entity_type"": ""PRODUCTO_ESPECIFICO"", ""entity_id"": ""mojarra_frita"", ""canonical"": ""Mojarra Frita"", ""text"": ""mojarra frita""}]}",
caso_010,¿Qué arroces tienen?,¿qué arroces tienen?,catalogo.consultar_categoria,True,"[{""rule_id"": ""CATEGORY_QUERY"", ""intent"": ""catalogo"", ""subintent"": ""consultar_categoria"", ""weight"": 0.5, ""text"": ""qué arroces"", ""start_token"": 1, ""end_token"": 3, ""requires_context"": false}, {""rule_id"": ""CATEGORY_QUERY"", ""intent"": ""catalogo"", ""subintent"": ""consultar_categoria"", ""weight"": 0.5, ""text"": ""qué arroces tienen"", ""start_token"": 1, ""end_token"": 4, ""requires_context"": false}]","[{""entity_type"": ""CATEGORIA"", ""entity_id"": ""arroces"", ""canonical"": ""Arroces"", ""text"": ""arroces"", ""normalized_text"": ""arroces"", ""start_char"": 5, ""end_char"": 12, ""start_token"": 2, ""end_token"": 3, ""priority"": 70, ""source"": ""PhraseMatcher""}]","{""quantities"": [], ""monetary_values"": [], ""has_negation"": false, ""referenced_entities"": [{""entity_type"": ""CATEGORIA"", ""entity_id"": ""arroces"", ""canonical"": ""Arroces"", ""text"": ""arroces""}]}",
caso_011,¿Hay algo con camarón que no sea tan caro?,¿hay algo con camarón que no sea tan caro?,recomendacion.solicitar_recomendacion,False,[],"[{""entity_type"": ""ALERGENO"", ""entity_id"": ""crustaceos"", ""canonical"": ""Crustáceos"", ""text"": ""camarón"", ""normalized_text"": ""camarón"", ""start_char"": 14, ""end_char"": 21, ""start_token"": 4, ""end_token"": 5, ""priority"": 90, ""source"": ""PhraseMatcher""}]","{""quantities"": [], ""monetary_values"": [], ""has_negation"": true, ""referenced_entities"": [{""entity_type"": ""ALERGENO"", ""entity_id"": ""crustaceos"", ""canonical"": ""Crustáceos"", ""text"": ""camarón""}]}",
caso_012,Quiero una mojarra,quiero una mojarra,pedido.iniciar_pedido,True,"[{""rule_id"": ""ORDER_WANT_PRODUCT"", ""intent"": ""pedido"", ""subintent"": ""iniciar_pedido"", ""weight"": 0.58, ""text"": ""quiero una mojarra"", ""start_token"": 0, ""end_token"": 3, ""requires_context"": false}]","[{""entity_type"": ""PRODUCTO_BASE"", ""entity_id"": ""mojarra"", ""canonical"": ""mojarra"", ""text"": ""mojarra"", ""normalized_text"": ""mojarra"", ""start_char"": 11, ""end_char"": 18, ""start_token"": 2, ""end_token"": 3, ""priority"": 80, ""source"": ""PhraseMatcher""}]","{""quantities"": [1], ""monetary_values"": [], ""has_negation"": false, ""referenced_entities"": [{""entity_type"": ""PRODUCTO_BASE"", ""entity_id"": ""mojarra"", ""canonical"": ""mojarra"", ""text"": ""mojarra""}]}",
caso_013,Una frita,una frita,pedido.seleccionar_preparacion,False,[],"[{""entity_type"": ""PREPARACION"", ""entity_id"": ""frito"", ""canonical"": ""frito"", ""text"": ""frita"", ""normalized_text"": ""frita"", ""start_char"": 4, ""end_char"": 9, ""start_token"": 1, ""end_token"": 2, ""priority"": 75, ""source"": ""PhraseMatcher""}]","{""quantities"": [1], ""monetary_values"": [], ""has_negation"": false, ""referenced_entities"": [{""entity_type"": ""PREPARACION"", ""entity_id"": ""frito"", ""canonical"": ""frito"", ""text"": ""frita""}]}",
caso_014,¿El arroz con camarón viene con bebida?,¿el arroz con camarón viene con bebida?,catalogo.consultar_detalle_producto,False,[],"[{""entity_type"": ""PRODUCTO_ESPECIFICO"", ""entity_id"": ""arroz_con_camaron"", ""canonical"": ""Arroz con Camarón"", ""text"": ""arroz con camarón"", ""normalized_text"": ""arroz con camarón"", ""start_char"": 4, ""end_char"": 21, ""start_token"": 2, ""end_token"": 5, ""priority"": 100, ""source"": ""PhraseMatcher""}]","{""quantities"": [], ""monetary_values"": [], ""has_negation"": false, ""referenced_entities"": [{""entity_type"": ""PRODUCTO_ESPECIFICO"", ""entity_id"": ""arroz_con_camaron"", ""canonical"": ""Arroz con Camarón"", ""text"": ""arroz con camarón""}]}",
caso_015,¿Atienden hoy?,¿atienden hoy?,horario_ubicacion.consultar_horario,True,"[{""rule_id"": ""SCHEDULE_QUERY"", ""intent"": ""horario_ubicacion"", ""subintent"": ""consultar_horario"", ""weight"": 0.52, ""text"": ""atienden"", ""start_token"": 1, ""end_token"": 2, ""requires_context"": false}, {""rule_id"": ""SCHEDULE_QUERY"", ""intent"": ""horario_ubicacion"", ""subintent"": ""consultar_horario"", ""weight"": 0.52, ""text"": ""atienden hoy"", ""start_token"": 1, ""end_token"": 3, ""requires_context"": false}]","[{""entity_type"": ""FECHA_RELATIVA"", ""entity_id"": ""hoy"", ""canonical"": ""Hoy"", ""text"": ""hoy"", ""normalized_text"": ""hoy"", ""start_char"": 10, ""end_char"": 13, ""start_token"": 2, ""end_token"": 3, ""priority"": 50, ""source"": ""PhraseMatcher""}]","{""quantities"": [], ""monetary_values"": [], ""has_negation"": false, ""referenced_entities"": [{""entity_type"": ""FECHA_RELATIVA"", ""entity_id"": ""hoy"", ""canonical"": ""Hoy"", ""text"": ""hoy""}]}",
caso_016,¿Hasta dónde llega el domicilio?,¿hasta dónde llega el domicilio?,domicilio.consultar_domicilio,True,"[{""rule_id"": ""MENU_REQUEST"", ""intent"": ""menu"", ""subintent"": ""solicitar_menu"", ""weight"": 0.55, ""text"": ""domicilio"", ""start_token"": 5, ""end_token"": 6, ""requires_context"": false}, {""rule_id"": ""DELIVERY_QUERY"", ""intent"": ""domicilio"", ""subintent"": ""consultar_domicilio"", ""weight"": 0.54, ""text"": ""domicilio"", ""start_token"": 5, ""end_token"": 6, ""requires_context"": false}, {""rule_id"": ""LOCATION_QUERY"", ""intent"": ""horario_ubicacion"", ""subintent"": ""consultar_ubicacion"", ""weight"": 0.5, ""text"": ""dónde"", ""start_token"": 2, ""end_token"": 3, ""requires_context"": false}]","[{""entity_type"": ""SERVICIO"", ""entity_id"": ""domicilio"", ""canonical"": ""domicilio"", ""text"": ""domicilio"", ""normalized_text"": ""domicilio"", ""start_char"": 22, ""end_char"": 31, ""start_token"": 5, ""end_token"": 6, ""priority"": 60, ""source"": ""PhraseMatcher""}]","{""quantities"": [], ""monetary_values"": [], ""has_negation"": false, ""referenced_entities"": [{""entity_type"": ""SERVICIO"", ""entity_id"": ""domicilio"", ""canonical"": ""domicilio"", ""text"": ""domicilio""}]}",
caso_017,¿Se puede pagar cuando llegue?,¿se puede pagar cuando llegue?,pago.consultar_medio_pago,False,[],[],"{""quantities"": [], ""monetary_values"": [], ""has_negation"": false, ""referenced_entities"": []}",
caso_018,¿Qué plato llena más?,¿qué plato llena más?,recomendacion.solicitar_recomendacion,False,[],[],"{""quantities"": [], ""monetary_values"": [], ""has_negation"": false, ""referenced_entities"": []}",
caso_019,¿Tienen ceviche pequeño?,¿tienen ceviche pequeño?,catalogo.consultar_producto,False,"[{""rule_id"": ""AVAILABILITY_PRODUCT"", ""intent"": ""catalogo"", ""subintent"": ""consultar_disponibilidad_producto"", ""weight"": 0.52, ""text"": ""tienen ceviche"", ""start_token"": 1, ""end_token"": 3, ""requires_context"": false}]","[{""entity_type"": ""PRODUCTO_BASE"", ""entity_id"": ""ceviche"", ""canonical"": ""ceviche"", ""text"": ""ceviche"", ""normalized_text"": ""ceviche"", ""start_char"": 8, ""end_char"": 15, ""start_token"": 2, ""end_token"": 3, ""priority"": 80, ""source"": ""PhraseMatcher""}]","{""quantities"": [], ""monetary_values"": [], ""has_negation"": false, ""referenced_entities"": [{""entity_type"": ""PRODUCTO_BASE"", ""entity_id"": ""ceviche"", ""canonical"": ""ceviche"", ""text"": ""ceviche""}]}",
caso_020,"Gracias, era eso","gracias, era eso",social.agradecer,True,"[{""rule_id"": ""THANKS"", ""intent"": ""social"", ""subintent"": ""agradecer"", ""weight"": 0.7, ""text"": ""gracias"", ""start_token"": 0, ""end_token"": 1, ""requires_context"": false}]",[],"{""quantities"": [], ""monetary_values"": [], ""has_negation"": false, ""referenced_entities"": []}",
caso_021,¿Qué menú ejecutivo tienen hoy?,¿qué menú ejecutivo tienen hoy?,catalogo.consultar_categoria,False,"[{""rule_id"": ""MENU_RETRY"", ""intent"": ""menu"", ""subintent"": ""reenviar_menu"", ""weight"": 0.65, ""text"": ""menú"", ""start_token"": 2, ""end_token"": 3, ""requires_context"": true}, {""rule_id"": ""MENU_REQUEST"", ""intent"": ""menu"", ""subintent"": ""solicitar_menu"", ""weight"": 0.55, ""text"": ""menú"", ""start_token"": 2, ""end_token"": 3, ""requires_context"": false}, {""rule_id"": ""DELIVERY_QUERY"", ""intent"": ""domicilio"", ""subintent"": ""consultar_domicilio"", ""weight"": 0.54, ""text"": ""menú"", ""start_token"": 2, ""end_token"": 3, ""requires_context"": false}]","[{""entity_type"": ""SERVICIO"", ""entity_id"": ""menu_pdf"", ""canonical"": ""menu_pdf"", ""text"": ""menú"", ""normalized_text"": ""menú"", ""start_char"": 5, ""end_char"": 9, ""start_token"": 2, ""end_token"": 3, ""priority"": 60, ""source"": ""PhraseMatcher""}, {""entity_type"": ""CATEGORIA"", ""entity_id"": ""almuerzos_ejecutivos"", ""canonical"": ""Almuerzos Ejecutivos"", ""text"": ""ejecutivo"", ""normalized_text"": ""ejecutivo"", ""start_char"": 10, ""end_char"": 19, ""start_token"": 3, ""end_token"": 4, ""priority"": 70, ""source"": ""PhraseMatcher""}, {""entity_type"": ""FECHA_RELATIVA"", ""entity_id"": ""hoy"", ""canonical"": ""Hoy"", ""text"": ""hoy"", ""normalized_text"": ""hoy"", ""start_char"": 27, ""end_char"": 30, ""start_token"": 5, ""end_token"": 6, ""priority"": 50, ""source"": ""PhraseMatcher""}]","{""quantities"": [], ""monetary_values"": [], ""has_negation"": false, ""referenced_entities"": [{""entity_type"": ""SERVICIO"", ""entity_id"": ""menu_pdf"", ""canonical"": ""menu_pdf"", ""text"": ""menú""}, {""entity_type"": ""CATEGORIA"", ""entity_id"": ""almuerzos_ejecutivos"", ""canonical"": ""Almuerzos Ejecutivos"", ""text"": ""ejecutivo""}, {""entity_type"": ""FECHA_RELATIVA"", ""entity_id"": ""hoy"", ""canonical"": ""Hoy"", ""text"": ""hoy""}]}",
caso_022,Necesito pedir para tres personas.,necesito pedir para tres personas.,pedido.iniciar_pedido_grupal,False,"[{""rule_id"": ""QUANTITY_ONLY"", ""intent"": ""pedido"", ""subintent"": ""indicar_cantidad"", ""weight"": 0.38, ""text"": ""tres"", ""start_token"": 3, ""end_token"": 4, ""requires_context"": true}]",[],"{""quantities"": [3], ""monetary_values"": [], ""has_negation"": false, ""referenced_entities"": []}",
caso_023,¿Cuánto demora el domicilio a Ciudad Montes?,¿cuál es el tiempo de entrega el domicilio a ciudad montes?,domicilio.consultar_domicilio,True,"[{""rule_id"": ""MENU_REQUEST"", ""intent"": ""menu"", ""subintent"": ""solicitar_menu"", ""weight"": 0.55, ""text"": ""entrega"", ""start_token"": 6, ""end_token"": 7, ""requires_context"": false}, {""rule_id"": ""MENU_REQUEST"", ""intent"": ""menu"", ""subintent"": ""solicitar_menu"", ""weight"": 0.55, ""text"": ""domicilio"", ""start_token"": 8, ""end_token"": 9, ""requires_context"": false}, {""rule_id"": ""DELIVERY_QUERY"", ""intent"": ""domicilio"", ""subintent"": ""consultar_domicilio"", ""weight"": 0.54, ""text"": ""entrega"", ""start_token"": 6, ""end_token"": 7, ""requires_context"": false}, {""rule_id"": ""DELIVERY_QUERY"", ""intent"": ""domicilio"", ""subintent"": ""consultar_domicilio"", ""weight"": 0.54, ""text"": ""domicilio"", ""start_token"": 8, ""end_token"": 9, ""requires_context"": false}]","[{""entity_type"": ""SERVICIO"", ""entity_id"": ""domicilio"", ""canonical"": ""domicilio"", ""text"": ""entrega"", ""normalized_text"": ""entrega"", ""start_char"": 22, ""end_char"": 29, ""start_token"": 6, ""end_token"": 7, ""priority"": 60, ""source"": ""PhraseMatcher""}, {""entity_type"": ""SERVICIO"", ""entity_id"": ""domicilio"", ""canonical"": ""domicilio"", ""text"": ""domicilio"", ""normalized_text"": ""domicilio"", ""start_char"": 33, ""end_char"": 42, ""start_token"": 8, ""end_token"": 9, ""priority"": 60, ""source"": ""PhraseMatcher""}]","{""quantities"": [], ""monetary_values"": [], ""has_negation"": false, ""referenced_entities"": [{""entity_type"": ""SERVICIO"", ""entity_id"": ""domicilio"", ""canonical"": ""domicilio"", ""text"": ""entrega""}, {""entity_type"": ""SERVICIO"", ""entity_id"": ""domicilio"", ""canonical"": ""domicilio"", ""text"": ""domicilio""}]}",
caso_024,¿Me envían factura?,¿me envían factura?,operacion.consultar_facturacion,False,"[{""rule_id"": ""MENU_REQUEST"", ""intent"": ""menu"", ""subintent"": ""solicitar_menu"", ""weight"": 0.55, ""text"": ""factura"", ""start_token"": 3, ""end_token"": 4, ""requires_context"": false}, {""rule_id"": ""DELIVERY_QUERY"", ""intent"": ""domicilio"", ""subintent"": ""consultar_domicilio"", ""weight"": 0.54, ""text"": ""factura"", ""start_token"": 3, ""end_token"": 4, ""requires_context"": false}]","[{""entity_type"": ""SERVICIO"", ""entity_id"": ""factura_electronica"", ""canonical"": ""Factura electrónica"", ""text"": ""factura"", ""normalized_text"": ""factura"", ""start_char"": 11, ""end_char"": 18, ""start_token"": 3, ""end_token"": 4, ""priority"": 60, ""source"": ""PhraseMatcher""}]","{""quantities"": [], ""monetary_values"": [], ""has_negation"": false, ""referenced_entities"": [{""entity_type"": ""SERVICIO"", ""entity_id"": ""factura_electronica"", ""canonical"": ""Factura electrónica"", ""text"": ""factura""}]}",
caso_025,¿Puedo pagar con tarjeta?,¿puedo pagar con tarjeta?,pago.consultar_medio_pago,False,[],[],"{""quantities"": [], ""monetary_values"": [], ""has_negation"": false, ""referenced_entities"": []}",
caso_026,Envíame la carta en PDF.,envíame la menú en pdf.,menu.solicitar_menu,True,"[{""rule_id"": ""MENU_RETRY"", ""intent"": ""menu"", ""subintent"": ""reenviar_menu"", ""weight"": 0.65, ""text"": ""menú"", ""start_token"": 2, ""end_token"": 3, ""requires_context"": true}, {""rule_id"": ""MENU_REQUEST"", ""intent"": ""menu"", ""subintent"": ""solicitar_menu"", ""weight"": 0.55, ""text"": ""menú"", ""start_token"": 2, ""end_token"": 3, ""requires_context"": false}, {""rule_id"": ""DELIVERY_QUERY"", ""intent"": ""domicilio"", ""subintent"": ""consultar_domicilio"", ""weight"": 0.54, ""text"": ""menú"", ""start_token"": 2, ""end_token"": 3, ""requires_context"": false}]","[{""entity_type"": ""SERVICIO"", ""entity_id"": ""menu_pdf"", ""canonical"": ""menu_pdf"", ""text"": ""menú"", ""normalized_text"": ""menú"", ""start_char"": 11, ""end_char"": 15, ""start_token"": 2, ""end_token"": 3, ""priority"": 60, ""source"": ""PhraseMatcher""}]","{""quantities"": [], ""monetary_values"": [], ""has_negation"": false, ""referenced_entities"": [{""entity_type"": ""SERVICIO"", ""entity_id"": ""menu_pdf"", ""canonical"": ""menu_pdf"", ""text"": ""menú""}]}",
caso_028,"Sí, reenvíala.","sí, reenvíala.",menu.reenviar_menu,False,[],[],"{""quantities"": [], ""monetary_values"": [], ""has_negation"": false, ""referenced_entities"": []}",
caso_029,¿Qué trae la cazuela mixta?,¿qué trae la cazuela mixta?,catalogo.consultar_detalle_producto,True,"[{""rule_id"": ""PRODUCT_DETAIL_WHAT_HAS"", ""intent"": ""catalogo"", ""subintent"": ""consultar_detalle_producto"", ""weight"": 0.5, ""text"": ""qué trae"", ""start_token"": 1, ""end_token"": 3, ""requires_context"": false}]","[{""entity_type"": ""PRODUCTO_ESPECIFICO"", ""entity_id"": ""cazuela_mixta"", ""canonical"": ""Cazuela Mixta"", ""text"": ""cazuela mixta"", ""normalized_text"": ""cazuela mixta"", ""start_char"": 13, ""end_char"": 26, ""start_token"": 4, ""end_token"": 6, ""priority"": 100, ""source"": ""PhraseMatcher""}]","{""quantities"": [], ""monetary_values"": [], ""has_negation"": false, ""referenced_entities"": [{""entity_type"": ""PRODUCTO_ESPECIFICO"", ""entity_id"": ""cazuela_mixta"", ""canonical"": ""Cazuela Mixta"", ""text"": ""cazuela mixta""}]}",
caso_031,Quiero dos arroces con camarón y una cazuela.,quiero dos arroces con camarón y una cazuela.,pedido.agregar_productos_pedido,False,"[{""rule_id"": ""QUANTITY_ONLY"", ""intent"": ""pedido"", ""subintent"": ""indicar_cantidad"", ""weight"": 0.38, ""text"": ""dos"", ""start_token"": 1, ""end_token"": 2, ""requires_context"": true}]","[{""entity_type"": ""CATEGORIA"", ""entity_id"": ""arroces"", ""canonical"": ""Arroces"", ""text"": ""arroces"", ""normalized_text"": ""arroces"", ""start_char"": 11, ""end_char"": 18, ""start_token"": 2, ""end_token"": 3, ""priority"": 70, ""source"": ""PhraseMatcher""}, {""entity_type"": ""ALERGENO"", ""entity_id"": ""crustaceos"", ""canonical"": ""Crustáceos"", ""text"": ""camarón"", ""normalized_text"": ""camarón"", ""start_char"": 23, ""end_char"": 30, ""start_token"": 4, ""end_token"": 5, ""priority"": 90, ""source"": ""PhraseMatcher""}, {""entity_type"": ""PRODUCTO_BASE"", ""entity_id"": ""cazuela"", ""canonical"": ""cazuela"", ""text"": ""cazuela"", ""normalized_text"": ""cazuela"", ""start_char"": 37, ""end_char"": 44, ""start_token"": 7, ""end_token"": 8, ""priority"": 80, ""source"": ""PhraseMatcher""}]","{""quantities"": [2, 1], ""monetary_values"": [], ""has_negation"": false, ""referenced_entities"": [{""entity_type"": ""CATEGORIA"", ""entity_id"": ""arroces"", ""canonical"": ""Arroces"", ""text"": ""arroces""}, {""entity_type"": ""ALERGENO"", ""entity_id"": ""crustaceos"", ""canonical"": ""Crustáceos"", ""text"": ""camarón""}, {""entity_type"": ""PRODUCTO_BASE"", ""entity_id"": ""cazuela"", ""canonical"": ""cazuela"", ""text"": ""cazuela""}]}",
caso_032,¿Pueden llegar a la una en punto?,¿pueden llegar a la una en punto?,operacion.consultar_pedido_programado,False,[],[],"{""quantities"": [1], ""monetary_values"": [], ""has_negation"": false, ""referenced_entities"": []}",
caso_033,¿Cuál plato sale más rápido?,¿cuál plato sale más rápido?,recomendacion.solicitar_recomendacion,False,[],[],"{""quantities"": [], ""monetary_values"": [], ""has_negation"": false, ""referenced_entities"": []}",
caso_034,¿La trucha a la plancha está disponible?,¿la trucha a la plancha está disponible?,catalogo.consultar_disponibilidad_producto,False,[],"[{""entity_type"": ""PRODUCTO_ESPECIFICO"", ""entity_id"": ""trucha_a_la_plancha"", ""canonical"": ""Trucha a la Plancha"", ""text"": ""trucha a la plancha"", ""normalized_text"": ""trucha a la plancha"", ""start_char"": 4, ""end_char"": 23, ""start_token"": 2, ""end_token"": 6, ""priority"": 100, ""source"": ""PhraseMatcher""}]","{""quantities"": [], ""monetary_values"": [], ""has_negation"": false, ""referenced_entities"": [{""entity_type"": ""PRODUCTO_ESPECIFICO"", ""entity_id"": ""trucha_a_la_plancha"", ""canonical"": ""Trucha a la Plancha"", ""text"": ""trucha a la plancha""}]}",
caso_036,¿Me separan cada pedido?,¿me separan cada pedido?,operacion.consultar_empaque,False,[],[],"{""quantities"": [], ""monetary_values"": [], ""has_negation"": false, ""referenced_entities"": []}",
caso_037,¿Dónde quedan exactamente?,¿dónde quedan exactamente?,horario_ubicacion.consultar_ubicacion,True,"[{""rule_id"": ""LOCATION_QUERY"", ""intent"": ""horario_ubicacion"", ""subintent"": ""consultar_ubicacion"", ""weight"": 0.5, ""text"": ""dónde"", ""start_token"": 1, ""end_token"": 2, ""requires_context"": false}, {""rule_id"": ""LOCATION_QUERY"", ""intent"": ""horario_ubicacion"", ""subintent"": ""consultar_ubicacion"", ""weight"": 0.5, ""text"": ""dónde quedan"", ""start_token"": 1, ""end_token"": 3, ""requires_context"": false}]",[],"{""quantities"": [], ""monetary_values"": [], ""has_negation"": false, ""referenced_entities"": []}",
caso_038,¿Tienen parqueadero?,¿tienen parqueadero?,horario_ubicacion.consultar_parqueadero,False,"[{""rule_id"": ""MENU_REQUEST"", ""intent"": ""menu"", ""subintent"": ""solicitar_menu"", ""weight"": 0.55, ""text"": ""parqueadero"", ""start_token"": 2, ""end_token"": 3, ""requires_context"": false}, {""rule_id"": ""DELIVERY_QUERY"", ""intent"": ""domicilio"", ""subintent"": ""consultar_domicilio"", ""weight"": 0.54, ""text"": ""parqueadero"", ""start_token"": 2, ""end_token"": 3, ""requires_context"": false}]","[{""entity_type"": ""SERVICIO"", ""entity_id"": ""parqueadero"", ""canonical"": ""Parqueadero"", ""text"": ""parqueadero"", ""normalized_text"": ""parqueadero"", ""start_char"": 8, ""end_char"": 19, ""start_token"": 2, ""end_token"": 3, ""priority"": 60, ""source"": ""PhraseMatcher""}]","{""quantities"": [], ""monetary_values"": [], ""has_negation"": false, ""referenced_entities"": [{""entity_type"": ""SERVICIO"", ""entity_id"": ""parqueadero"", ""canonical"": ""Parqueadero"", ""text"": ""parqueadero""}]}",
caso_040,"Perfecto, muchas gracias.","perfecto, muchas gracias.",social.agradecer,True,"[{""rule_id"": ""THANKS"", ""intent"": ""social"", ""subintent"": ""agradecer"", ""weight"": 0.7, ""text"": ""gracias"", ""start_token"": 3, ""end_token"": 4, ""requires_context"": false}]",[],"{""quantities"": [], ""monetary_values"": [], ""has_negation"": false, ""referenced_entities"": []}",
caso_042,¿La mojarra tiene muchas espinas?,¿la mojarra tiene muchas espinas?,catalogo.consultar_detalle_producto,False,[],"[{""entity_type"": ""PRODUCTO_BASE"", ""entity_id"": ""mojarra"", ""canonical"": ""mojarra"", ""text"": ""mojarra"", ""normalized_text"": ""mojarra"", ""start_char"": 4, ""end_char"": 11, ""start_token"": 2, ""end_token"": 3, ""priority"": 80, ""source"": ""PhraseMatcher""}]","{""quantities"": [], ""monetary_values"": [], ""has_negation"": false, ""referenced_entities"": [{""entity_type"": ""PRODUCTO_BASE"", ""entity_id"": ""mojarra"", ""canonical"": ""mojarra"", ""text"": ""mojarra""}]}",
caso_045,¿Tienen parqueadero?,¿tienen parqueadero?,horario_ubicacion.consultar_parqueadero,False,"[{""rule_id"": ""MENU_REQUEST"", ""intent"": ""menu"", ""subintent"": ""solicitar_menu"", ""weight"": 0.55, ""text"": ""parqueadero"", ""start_token"": 2, ""end_token"": 3, ""requires_context"": false}, {""rule_id"": ""DELIVERY_QUERY"", ""intent"": ""domicilio"", ""subintent"": ""consultar_domicilio"", ""weight"": 0.54, ""text"": ""parqueadero"", ""start_token"": 2, ""end_token"": 3, ""requires_context"": false}]","[{""entity_type"": ""SERVICIO"", ""entity_id"": ""parqueadero"", ""canonical"": ""Parqueadero"", ""text"": ""parqueadero"", ""normalized_text"": ""parqueadero"", ""start_char"": 8, ""end_char"": 19, ""start_token"": 2, ""end_token"": 3, ""priority"": 60, ""source"": ""PhraseMatcher""}]","{""quantities"": [], ""monetary_values"": [], ""has_negation"": false, ""referenced_entities"": [{""entity_type"": ""SERVICIO"", ""entity_id"": ""parqueadero"", ""canonical"": ""Parqueadero"", ""text"": ""parqueadero""}]}",
caso_048,"Vuelva y me lo manda, por favor.","vuelva y me lo manda, por favor.",menu.reenviar_menu,False,[],[],"{""quantities"": [], ""monetary_values"": [], ""has_negation"": false, ""referenced_entities"": []}",
caso_049,¿Cuánto cuesta el salmón?,¿cuánto cuesta el salmón?,precio.consultar_precio_producto,True,"[{""rule_id"": ""PRICE_Q_WH"", ""intent"": ""precio"", ""subintent"": ""consultar_precio_producto"", ""weight"": 0.55, ""text"": ""cuánto cuesta el salmón"", ""start_token"": 1, ""end_token"": 5, ""requires_context"": false}]","[{""entity_type"": ""PRODUCTO_BASE"", ""entity_id"": ""salmon"", ""canonical"": ""salmon"", ""text"": ""salmón"", ""normalized_text"": ""salmón"", ""start_char"": 18, ""end_char"": 24, ""start_token"": 4, ""end_token"": 5, ""priority"": 80, ""source"": ""PhraseMatcher""}]","{""quantities"": [], ""monetary_values"": [], ""has_negation"": false, ""referenced_entities"": [{""entity_type"": ""PRODUCTO_BASE"", ""entity_id"": ""salmon"", ""canonical"": ""salmon"", ""text"": ""salmón""}]}",
caso_052,¿Tienen menú infantil?,¿tienen menú menú infantil?,operacion.consultar_servicio,False,"[{""rule_id"": ""MENU_RETRY"", ""intent"": ""menu"", ""subintent"": ""reenviar_menu"", ""weight"": 0.65, ""text"": ""menú"", ""start_token"": 2, ""end_token"": 3, ""requires_context"": true}, {""rule_id"": ""MENU_RETRY"", ""intent"": ""menu"", ""subintent"": ""reenviar_menu"", ""weight"": 0.65, ""text"": ""menú"", ""start_token"": 3, ""end_token"": 4, ""requires_context"": true}, {""rule_id"": ""MENU_REQUEST"", ""intent"": ""menu"", ""subintent"": ""solicitar_menu"", ""weight"": 0.55, ""text"": ""menú"", ""start_token"": 2, ""end_token"": 3, ""requires_context"": false}, {""rule_id"": ""MENU_REQUEST"", ""intent"": ""menu"", ""subintent"": ""solicitar_menu"", ""weight"": 0.55, ""text"": ""menú menú"", ""start_token"": 2, ""end_token"": 4, ""requires_context"": false}, {""rule_id"": ""MENU_REQUEST"", ""intent"": ""menu"", ""subintent"": ""solicitar_menu"", ""weight"": 0.55, ""text"": ""menú menú infantil"", ""start_token"": 2, ""end_token"": 5, ""requires_context"": false}, {""rule_id"": ""MENU_REQUEST"", ""intent"": ""menu"", ""subintent"": ""solicitar_menu"", ""weight"": 0.55, ""text"": ""menú"", ""start_token"": 3, ""end_token"": 4, ""requires_context"": false}, {""rule_id"": ""MENU_REQUEST"", ""intent"": ""menu"", ""subintent"": ""solicitar_menu"", ""weight"": 0.55, ""text"": ""menú infantil"", ""start_token"": 3, ""end_token"": 5, ""requires_context"": false}, {""rule_id"": ""MENU_REQUEST"", ""intent"": ""menu"", ""subintent"": ""solicitar_menu"", ""weight"": 0.55, ""text"": ""infantil"", ""start_token"": 4, ""end_token"": 5, ""requires_context"": false}, {""rule_id"": ""DELIVERY_QUERY"", ""intent"": ""domicilio"", ""subintent"": ""consultar_domicilio"", ""weight"": 0.54, ""text"": ""menú"", ""start_token"": 2, ""end_token"": 3, ""requires_context"": false}, {""rule_id"": ""DELIVERY_QUERY"", ""intent"": ""domicilio"", ""subintent"": ""consultar_domicilio"", ""weight"": 0.54, ""text"": ""menú menú"", ""start_token"": 2, ""end_token"": 4, ""requires_context"": false}, {""rule_id"": ""DELIVERY_QUERY"", ""intent"": ""domicilio"", ""subintent"": ""consultar_domicilio"", ""weight"": 0.54, ""text"": ""menú menú infantil"", ""start_token"": 2, ""end_token"": 5, ""requires_context"": false}, {""rule_id"": ""DELIVERY_QUERY"", ""intent"": ""domicilio"", ""subintent"": ""consultar_domicilio"", ""weight"": 0.54, ""text"": ""menú"", ""start_token"": 3, ""end_token"": 4, ""requires_context"": false}, {""rule_id"": ""DELIVERY_QUERY"", ""intent"": ""domicilio"", ""subintent"": ""consultar_domicilio"", ""weight"": 0.54, ""text"": ""menú infantil"", ""start_token"": 3, ""end_token"": 5, ""requires_context"": false}, {""rule_id"": ""DELIVERY_QUERY"", ""intent"": ""domicilio"", ""subintent"": ""consultar_domicilio"", ""weight"": 0.54, ""text"": ""infantil"", ""start_token"": 4, ""end_token"": 5, ""requires_context"": false}]","[{""entity_type"": ""SERVICIO"", ""entity_id"": ""menu_pdf"", ""canonical"": ""menu_pdf"", ""text"": ""menú"", ""normalized_text"": ""menú"", ""start_char"": 8, ""end_char"": 12, ""start_token"": 2, ""end_token"": 3, ""priority"": 60, ""source"": ""PhraseMatcher""}, {""entity_type"": ""SERVICIO"", ""entity_id"": ""menu_infantil"", ""canonical"": ""Menú infantil"", ""text"": ""menú infantil"", ""normalized_text"": ""menú infantil"", ""start_char"": 13, ""end_char"": 26, ""start_token"": 3, ""end_token"": 5, ""priority"": 60, ""source"": ""PhraseMatcher""}]","{""quantities"": [], ""monetary_values"": [], ""has_negation"": false, ""referenced_entities"": [{""entity_type"": ""SERVICIO"", ""entity_id"": ""menu_pdf"", ""canonical"": ""menu_pdf"", ""text"": ""menú""}, {""entity_type"": ""SERVICIO"", ""entity_id"": ""menu_infantil"", ""canonical"": ""Menú infantil"", ""text"": ""menú infantil""}]}",
caso_055,¿Puedo reservar una mesa para cinco?,¿puedo reservar una mesa para cinco?,reserva_evento.solicitar_reserva,True,"[{""rule_id"": ""RESERVATION_REQUEST"", ""intent"": ""reserva_evento"", ""subintent"": ""solicitar_reserva"", ""weight"": 0.58, ""text"": ""reservar"", ""start_token"": 2, ""end_token"": 3, ""requires_context"": false}, {""rule_id"": ""QUANTITY_ONLY"", ""intent"": ""pedido"", ""subintent"": ""indicar_cantidad"", ""weight"": 0.38, ""text"": ""cinco"", ""start_token"": 6, ""end_token"": 7, ""requires_context"": true}]",[],"{""quantities"": [1, 5], ""monetary_values"": [], ""has_negation"": false, ""referenced_entities"": []}",
caso_056,¿La reserva cuesta?,¿la reserva cuesta?,reserva_evento.consultar_reserva,False,"[{""rule_id"": ""RESERVATION_REQUEST"", ""intent"": ""reserva_evento"", ""subintent"": ""solicitar_reserva"", ""weight"": 0.58, ""text"": ""reserva"", ""start_token"": 2, ""end_token"": 3, ""requires_context"": false}, {""rule_id"": ""MENU_REQUEST"", ""intent"": ""menu"", ""subintent"": ""solicitar_menu"", ""weight"": 0.55, ""text"": ""reserva"", ""start_token"": 2, ""end_token"": 3, ""requires_context"": false}, {""rule_id"": ""DELIVERY_QUERY"", ""intent"": ""domicilio"", ""subintent"": ""consultar_domicilio"", ""weight"": 0.54, ""text"": ""reserva"", ""start_token"": 2, ""end_token"": 3, ""requires_context"": false}]","[{""entity_type"": ""SERVICIO"", ""entity_id"": ""reserva"", ""canonical"": ""reserva"", ""text"": ""reserva"", ""normalized_text"": ""reserva"", ""start_char"": 4, ""end_char"": 11, ""start_token"": 2, ""end_token"": 3, ""priority"": 60, ""source"": ""PhraseMatcher""}]","{""quantities"": [], ""monetary_values"": [], ""has_negation"": false, ""referenced_entities"": [{""entity_type"": ""SERVICIO"", ""entity_id"": ""reserva"", ""canonical"": ""reserva"", ""text"": ""reserva""}]}",
caso_057,¿Abren el domingo?,¿abren el domingo?,horario_ubicacion.consultar_horario,True,"[{""rule_id"": ""SCHEDULE_QUERY"", ""intent"": ""horario_ubicacion"", ""subintent"": ""consultar_horario"", ""weight"": 0.52, ""text"": ""abren"", ""start_token"": 1, ""end_token"": 2, ""requires_context"": false}]",[],"{""quantities"": [], ""monetary_values"": [], ""has_negation"": false, ""referenced_entities"": []}",
caso_059,Quiero una cazuela para compartir.,quiero una cazuela para compartir.,pedido.iniciar_pedido,True,"[{""rule_id"": ""ORDER_WANT_PRODUCT"", ""intent"": ""pedido"", ""subintent"": ""iniciar_pedido"", ""weight"": 0.58, ""text"": ""quiero una cazuela"", ""start_token"": 0, ""end_token"": 3, ""requires_context"": false}]","[{""entity_type"": ""PRODUCTO_BASE"", ""entity_id"": ""cazuela"", ""canonical"": ""cazuela"", ""text"": ""cazuela"", ""normalized_text"": ""cazuela"", ""start_char"": 11, ""end_char"": 18, ""start_token"": 2, ""end_token"": 3, ""priority"": 80, ""source"": ""PhraseMatcher""}]","{""quantities"": [1], ""monetary_values"": [], ""has_negation"": false, ""referenced_entities"": [{""entity_type"": ""PRODUCTO_BASE"", ""entity_id"": ""cazuela"", ""canonical"": ""cazuela"", ""text"": ""cazuela""}]}",
caso_060,"Listo, gracias por la información.","listo, gracias por la información.",social.agradecer,True,"[{""rule_id"": ""THANKS"", ""intent"": ""social"", ""subintent"": ""agradecer"", ""weight"": 0.7, ""text"": ""gracias"", ""start_token"": 2, ""end_token"": 3, ""requires_context"": false}]",[],"{""quantities"": [], ""monetary_values"": [], ""has_negation"": false, ""referenced_entities"": []}",
caso_062,¿Cuál preparan sin apanado?,¿cuál preparan sin apanado?,catalogo.consultar_preparacion,False,"[{""rule_id"": ""MODIFICATION_REMOVE"", ""intent"": ""pedido"", ""subintent"": ""solicitar_modificacion"", ""weight"": 0.62, ""text"": ""sin apanado"", ""start_token"": 3, ""end_token"": 5, ""requires_context"": false}]","[{""entity_type"": ""PREPARACION"", ""entity_id"": ""sin_apanar"", ""canonical"": ""sin_apanar"", ""text"": ""sin apanado"", ""normalized_text"": ""sin apanado"", ""start_char"": 15, ""end_char"": 26, ""start_token"": 3, ""end_token"": 5, ""priority"": 75, ""source"": ""PhraseMatcher""}]","{""quantities"": [], ""monetary_values"": [], ""has_negation"": true, ""referenced_entities"": [{""entity_type"": ""PREPARACION"", ""entity_id"": ""sin_apanar"", ""canonical"": ""sin_apanar"", ""text"": ""sin apanado""}]}",
caso_063,¿Tienen algo a la plancha?,¿tienen algo a la plancha?,catalogo.consultar_preparacion,False,[],"[{""entity_type"": ""PREPARACION"", ""entity_id"": ""a_la_plancha"", ""canonical"": ""a_la_plancha"", ""text"": ""a la plancha"", ""normalized_text"": ""a la plancha"", ""start_char"": 13, ""end_char"": 25, ""start_token"": 3, ""end_token"": 6, ""priority"": 75, ""source"": ""PhraseMatcher""}]","{""quantities"": [], ""monetary_values"": [], ""has_negation"": false, ""referenced_entities"": [{""entity_type"": ""PREPARACION"", ""entity_id"": ""a_la_plancha"", ""canonical"": ""a_la_plancha"", ""text"": ""a la plancha""}]}",
caso_065,¿Ustedes abren el domingo?,¿ustedes abren el domingo?,horario_ubicacion.consultar_horario,True,"[{""rule_id"": ""SCHEDULE_QUERY"", ""intent"": ""horario_ubicacion"", ""subintent"": ""consultar_horario"", ""weight"": 0.52, ""text"": ""abren"", ""start_token"": 2, ""end_token"": 3, ""requires_context"": false}]",[],"{""quantities"": [], ""monetary_values"": [], ""has_negation"": false, ""referenced_entities"": []}",
caso_069,¿Cuánto vale el bagre en salsa?,¿cuánto vale el bagre en salsa?,precio.consultar_precio_producto,True,"[{""rule_id"": ""PRICE_Q_WH"", ""intent"": ""precio"", ""subintent"": ""consultar_precio_producto"", ""weight"": 0.55, ""text"": ""cuánto vale el bagre"", ""start_token"": 1, ""end_token"": 5, ""requires_context"": false}, {""rule_id"": ""PRICE_Q_WH"", ""intent"": ""precio"", ""subintent"": ""consultar_precio_producto"", ""weight"": 0.55, ""text"": ""cuánto vale el bagre en"", ""start_token"": 1, ""end_token"": 6, ""requires_context"": false}, {""rule_id"": ""PRICE_Q_WH"", ""intent"": ""precio"", ""subintent"": ""consultar_precio_producto"", ""weight"": 0.55, ""text"": ""cuánto vale el bagre en salsa"", ""start_token"": 1, ""end_token"": 7, ""requires_context"": false}]","[{""entity_type"": ""PRODUCTO_ESPECIFICO"", ""entity_id"": ""bagre_en_salsa"", ""canonical"": ""Bagre en Salsa"", ""text"": ""bagre en salsa"", ""normalized_text"": ""bagre en salsa"", ""start_char"": 16, ""end_char"": 30, ""start_token"": 4, ""end_token"": 7, ""priority"": 100, ""source"": ""PhraseMatcher""}]","{""quantities"": [], ""monetary_values"": [], ""has_negation"": false, ""referenced_entities"": [{""entity_type"": ""PRODUCTO_ESPECIFICO"", ""entity_id"": ""bagre_en_salsa"", ""canonical"": ""Bagre en Salsa"", ""text"": ""bagre en salsa""}]}",
caso_071,¿La trucha la hacen al vapor?,¿la trucha la hacen al vapor?,catalogo.consultar_preparacion_producto,False,[],"[{""entity_type"": ""PRODUCTO_BASE"", ""entity_id"": ""trucha"", ""canonical"": ""trucha"", ""text"": ""trucha"", ""normalized_text"": ""trucha"", ""start_char"": 4, ""end_char"": 10, ""start_token"": 2, ""end_token"": 3, ""priority"": 80, ""source"": ""PhraseMatcher""}, {""entity_type"": ""PREPARACION"", ""entity_id"": ""al_vapor"", ""canonical"": ""al_vapor"", ""text"": ""al vapor"", ""normalized_text"": ""al vapor"", ""start_char"": 20, ""end_char"": 28, ""start_token"": 5, ""end_token"": 7, ""priority"": 75, ""source"": ""PhraseMatcher""}]","{""quantities"": [], ""monetary_values"": [], ""has_negation"": false, ""referenced_entities"": [{""entity_type"": ""PRODUCTO_BASE"", ""entity_id"": ""trucha"", ""canonical"": ""trucha"", ""text"": ""trucha""}, {""entity_type"": ""PREPARACION"", ""entity_id"": ""al_vapor"", ""canonical"": ""al_vapor"", ""text"": ""al vapor""}]}",
caso_072,¿Qué es a la marinera?,¿qué es a la marinera?,catalogo.consultar_definicion_preparacion,False,[],"[{""entity_type"": ""PREPARACION"", ""entity_id"": ""a_la_marinera"", ""canonical"": ""a_la_marinera"", ""text"": ""a la marinera"", ""normalized_text"": ""a la marinera"", ""start_char"": 8, ""end_char"": 21, ""start_token"": 3, ""end_token"": 6, ""priority"": 75, ""source"": ""PhraseMatcher""}]","{""quantities"": [], ""monetary_values"": [], ""has_negation"": false, ""referenced_entities"": [{""entity_type"": ""PREPARACION"", ""entity_id"": ""a_la_marinera"", ""canonical"": ""a_la_marinera"", ""text"": ""a la marinera""}]}",
caso_073,"¿Cuál es más suave, el bagre o la trucha?","¿cuál es más suave, el bagre o la trucha?",catalogo.comparar_productos,False,[],"[{""entity_type"": ""PRODUCTO_BASE"", ""entity_id"": ""bagre"", ""canonical"": ""bagre"", ""text"": ""bagre"", ""normalized_text"": ""bagre"", ""start_char"": 23, ""end_char"": 28, ""start_token"": 7, ""end_token"": 8, ""priority"": 80, ""source"": ""PhraseMatcher""}, {""entity_type"": ""PRODUCTO_BASE"", ""entity_id"": ""trucha"", ""canonical"": ""trucha"", ""text"": ""trucha"", ""normalized_text"": ""trucha"", ""start_char"": 34, ""end_char"": 40, ""start_token"": 10, ""end_token"": 11, ""priority"": 80, ""source"": ""PhraseMatcher""}]","{""quantities"": [], ""monetary_values"": [], ""has_negation"": false, ""referenced_entities"": [{""entity_type"": ""PRODUCTO_BASE"", ""entity_id"": ""bagre"", ""canonical"": ""bagre"", ""text"": ""bagre""}, {""entity_type"": ""PRODUCTO_BASE"", ""entity_id"": ""trucha"", ""canonical"": ""trucha"", ""text"": ""trucha""}]}",
caso_074,¿Puedo pedir sin ajo?,¿puedo pedir sin ajo?,pedido.solicitar_modificacion,True,"[{""rule_id"": ""MODIFICATION_REMOVE"", ""intent"": ""pedido"", ""subintent"": ""solicitar_modificacion"", ""weight"": 0.62, ""text"": ""sin ajo"", ""start_token"": 3, ""end_token"": 5, ""requires_context"": false}]","[{""entity_type"": ""INGREDIENTE"", ""entity_id"": ""ajo"", ""canonical"": ""Ajo"", ""text"": ""ajo"", ""normalized_text"": ""ajo"", ""start_char"": 17, ""end_char"": 20, ""start_token"": 4, ""end_token"": 5, ""priority"": 65, ""source"": ""PhraseMatcher""}]","{""quantities"": [], ""monetary_values"": [], ""has_negation"": true, ""referenced_entities"": [{""entity_type"": ""INGREDIENTE"", ""entity_id"": ""ajo"", ""canonical"": ""Ajo"", ""text"": ""ajo""}]}",
caso_077,¿Dónde están ubicados?,¿dónde están ubicados?,horario_ubicacion.consultar_ubicacion,True,"[{""rule_id"": ""LOCATION_QUERY"", ""intent"": ""horario_ubicacion"", ""subintent"": ""consultar_ubicacion"", ""weight"": 0.5, ""text"": ""dónde"", ""start_token"": 1, ""end_token"": 2, ""requires_context"": false}, {""rule_id"": ""LOCATION_QUERY"", ""intent"": ""horario_ubicacion"", ""subintent"": ""consultar_ubicacion"", ""weight"": 0.5, ""text"": ""dónde están"", ""start_token"": 1, ""end_token"": 3, ""requires_context"": false}]",[],"{""quantities"": [], ""monetary_values"": [], ""has_negation"": false, ""referenced_entities"": []}",
caso_078,Quiero reservar para el domingo al mediodía.,quiero reservar para el domingo al mediodía.,reserva_evento.solicitar_reserva,True,"[{""rule_id"": ""RESERVATION_REQUEST"", ""intent"": ""reserva_evento"", ""subintent"": ""solicitar_reserva"", ""weight"": 0.58, ""text"": ""reservar"", ""start_token"": 1, ""end_token"": 2, ""requires_context"": false}, {""rule_id"": ""RESERVATION_REQUEST"", ""intent"": ""reserva_evento"", ""subintent"": ""solicitar_reserva"", ""weight"": 0.58, ""text"": ""reservar para"", ""start_token"": 1, ""end_token"": 3, ""requires_context"": false}]",[],"{""quantities"": [], ""monetary_values"": [], ""has_negation"": false, ""referenced_entities"": []}",
caso_079,¿Tienen baño para clientes?,¿tienen baño para clientes?,horario_ubicacion.consultar_instalacion,False,[],[],"{""quantities"": [], ""monetary_values"": [], ""has_negation"": false, ""referenced_entities"": []}",
caso_081,¿Hoy sí tienen mapará?,¿hoy sí tienen mapará?,catalogo.consultar_disponibilidad_producto,True,"[{""rule_id"": ""AVAILABILITY_PRODUCT"", ""intent"": ""catalogo"", ""subintent"": ""consultar_disponibilidad_producto"", ""weight"": 0.52, ""text"": ""tienen mapará"", ""start_token"": 3, ""end_token"": 5, ""requires_context"": false}]","[{""entity_type"": ""FECHA_RELATIVA"", ""entity_id"": ""hoy"", ""canonical"": ""Hoy"", ""text"": ""hoy"", ""normalized_text"": ""hoy"", ""start_char"": 1, ""end_char"": 4, ""start_token"": 1, ""end_token"": 2, ""priority"": 50, ""source"": ""PhraseMatcher""}, {""entity_type"": ""PRODUCTO_BASE"", ""entity_id"": ""mapara"", ""canonical"": ""mapara"", ""text"": ""mapará"", ""normalized_text"": ""mapará"", ""start_char"": 15, ""end_char"": 21, ""start_token"": 4, ""end_token"": 5, ""priority"": 80, ""source"": ""PhraseMatcher""}]","{""quantities"": [], ""monetary_values"": [], ""has_negation"": false, ""referenced_entities"": [{""entity_type"": ""FECHA_RELATIVA"", ""entity_id"": ""hoy"", ""canonical"": ""Hoy"", ""text"": ""hoy""}, {""entity_type"": ""PRODUCTO_BASE"", ""entity_id"": ""mapara"", ""canonical"": ""mapara"", ""text"": ""mapará""}]}",
caso_082,Deme el mismo de la vez pasada.,deme el mismo de la vez pasada.,pedido.repetir_pedido,False,"[{""rule_id"": ""MENU_RETRY"", ""intent"": ""menu"", ""subintent"": ""reenviar_menu"", ""weight"": 0.65, ""text"": ""vez"", ""start_token"": 5, ""end_token"": 6, ""requires_context"": true}]",[],"{""quantities"": [], ""monetary_values"": [], ""has_negation"": false, ""referenced_entities"": []}",
caso_084,¿Me lo manda para la misma dirección?,¿me lo manda para la misma dirección?,domicilio.usar_direccion_previa,False,[],[],"{""quantities"": [], ""monetary_values"": [], ""has_negation"": false, ""referenced_entities"": []}",
caso_091,Mándeme dos mojarras fritas.,mándeme dos mojarras fritas.,pedido.agregar_productos_pedido,False,"[{""rule_id"": ""QUANTITY_ONLY"", ""intent"": ""pedido"", ""subintent"": ""indicar_cantidad"", ""weight"": 0.38, ""text"": ""dos"", ""start_token"": 1, ""end_token"": 2, ""requires_context"": true}]",[],"{""quantities"": [2], ""monetary_values"": [], ""has_negation"": false, ""referenced_entities"": []}",
caso_092,"La de siempre, pero sin salsa.","la de siempre, pero sin salsa.",pedido.solicitar_modificacion,True,"[{""rule_id"": ""MODIFICATION_REMOVE"", ""intent"": ""pedido"", ""subintent"": ""solicitar_modificacion"", ""weight"": 0.62, ""text"": ""sin salsa"", ""start_token"": 5, ""end_token"": 7, ""requires_context"": false}]","[{""entity_type"": ""INGREDIENTE"", ""entity_id"": ""salsa"", ""canonical"": ""Salsa"", ""text"": ""salsa"", ""normalized_text"": ""salsa"", ""start_char"": 24, ""end_char"": 29, ""start_token"": 6, ""end_token"": 7, ""priority"": 65, ""source"": ""PhraseMatcher""}]","{""quantities"": [], ""monetary_values"": [], ""has_negation"": true, ""referenced_entities"": [{""entity_type"": ""INGREDIENTE"", ""entity_id"": ""salsa"", ""canonical"": ""Salsa"", ""text"": ""salsa""}]}",
caso_095,¿Hay sancocho de bagre?,¿hay sancocho de bagre?,catalogo.consultar_disponibilidad_producto,True,"[{""rule_id"": ""AVAILABILITY_PRODUCT"", ""intent"": ""catalogo"", ""subintent"": ""consultar_disponibilidad_producto"", ""weight"": 0.52, ""text"": ""hay sancocho"", ""start_token"": 1, ""end_token"": 3, ""requires_context"": false}, {""rule_id"": ""AVAILABILITY_PRODUCT"", ""intent"": ""catalogo"", ""subintent"": ""consultar_disponibilidad_producto"", ""weight"": 0.52, ""text"": ""hay sancocho de"", ""start_token"": 1, ""end_token"": 4, ""requires_context"": false}, {""rule_id"": ""AVAILABILITY_PRODUCT"", ""intent"": ""catalogo"", ""subintent"": ""consultar_disponibilidad_producto"", ""weight"": 0.52, ""text"": ""hay sancocho de bagre"", ""start_token"": 1, ""end_token"": 5, ""requires_context"": false}]","[{""entity_type"": ""PRODUCTO_ESPECIFICO"", ""entity_id"": ""sancocho_de_bagre"", ""canonical"": ""Sancocho de Bagre"", ""text"": ""sancocho de bagre"", ""normalized_text"": ""sancocho de bagre"", ""start_char"": 5, ""end_char"": 22, ""start_token"": 2, ""end_token"": 5, ""priority"": 100, ""source"": ""PhraseMatcher""}]","{""quantities"": [], ""monetary_values"": [], ""has_negation"": false, ""referenced_entities"": [{""entity_type"": ""PRODUCTO_ESPECIFICO"", ""entity_id"": ""sancocho_de_bagre"", ""canonical"": ""Sancocho de Bagre"", ""text"": ""sancocho de bagre""}]}",
caso_096,¿Me reserva la mesa de siempre?,¿me reserva la mesa de siempre?,reserva_evento.solicitar_reserva,True,"[{""rule_id"": ""RESERVATION_REQUEST"", ""intent"": ""reserva_evento"", ""subintent"": ""solicitar_reserva"", ""weight"": 0.58, ""text"": ""reserva"", ""start_token"": 2, ""end_token"": 3, ""requires_context"": false}, {""rule_id"": ""MENU_REQUEST"", ""intent"": ""menu"", ""subintent"": ""solicitar_menu"", ""weight"": 0.55, ""text"": ""reserva"", ""start_token"": 2, ""end_token"": 3, ""requires_context"": false}, {""rule_id"": ""DELIVERY_QUERY"", ""intent"": ""domicilio"", ""subintent"": ""consultar_domicilio"", ""weight"": 0.54, ""text"": ""reserva"", ""start_token"": 2, ""end_token"": 3, ""requires_context"": false}]","[{""entity_type"": ""SERVICIO"", ""entity_id"": ""reserva"", ""canonical"": ""reserva"", ""text"": ""reserva"", ""normalized_text"": ""reserva"", ""start_char"": 4, ""end_char"": 11, ""start_token"": 2, ""end_token"": 3, ""priority"": 60, ""source"": ""PhraseMatcher""}]","{""quantities"": [], ""monetary_values"": [], ""has_negation"": false, ""referenced_entities"": [{""entity_type"": ""SERVICIO"", ""entity_id"": ""reserva"", ""canonical"": ""reserva"", ""text"": ""reserva""}]}",
caso_097,¿Qué cambió del menú?,¿qué cambió del menú?,menu.consultar_cambios_menu,False,"[{""rule_id"": ""MENU_RETRY"", ""intent"": ""menu"", ""subintent"": ""reenviar_menu"", ""weight"": 0.65, ""text"": ""menú"", ""start_token"": 4, ""end_token"": 5, ""requires_context"": true}, {""rule_id"": ""MENU_REQUEST"", ""intent"": ""menu"", ""subintent"": ""solicitar_menu"", ""weight"": 0.55, ""text"": ""menú"", ""start_token"": 4, ""end_token"": 5, ""requires_context"": false}, {""rule_id"": ""DELIVERY_QUERY"", ""intent"": ""domicilio"", ""subintent"": ""consultar_domicilio"", ""weight"": 0.54, ""text"": ""menú"", ""start_token"": 4, ""end_token"": 5, ""requires_context"": false}]","[{""entity_type"": ""SERVICIO"", ""entity_id"": ""menu_pdf"", ""canonical"": ""menu_pdf"", ""text"": ""menú"", ""normalized_text"": ""menú"", ""start_char"": 16, ""end_char"": 20, ""start_token"": 4, ""end_token"": 5, ""priority"": 60, ""source"": ""PhraseMatcher""}]","{""quantities"": [], ""monetary_values"": [], ""has_negation"": false, ""referenced_entities"": [{""entity_type"": ""SERVICIO"", ""entity_id"": ""menu_pdf"", ""canonical"": ""menu_pdf"", ""text"": ""menú""}]}",
caso_098,¿La dirección es la misma?,¿la dirección es la misma?,horario_ubicacion.consultar_ubicacion,False,[],[],"{""quantities"": [], ""monetary_values"": [], ""has_negation"": false, ""referenced_entities"": []}",
caso_099,Anote un arroz con camarón.,anote un arroz con camarón.,pedido.agregar_producto_pedido,False,"[{""rule_id"": ""ORDER_WANT_PRODUCT"", ""intent"": ""pedido"", ""subintent"": ""iniciar_pedido"", ""weight"": 0.58, ""text"": ""anote un arroz"", ""start_token"": 0, ""end_token"": 3, ""requires_context"": false}, {""rule_id"": ""ORDER_WANT_PRODUCT"", ""intent"": ""pedido"", ""subintent"": ""iniciar_pedido"", ""weight"": 0.58, ""text"": ""anote un arroz con"", ""start_token"": 0, ""end_token"": 4, ""requires_context"": false}, {""rule_id"": ""ORDER_WANT_PRODUCT"", ""intent"": ""pedido"", ""subintent"": ""iniciar_pedido"", ""weight"": 0.58, ""text"": ""anote un arroz con camarón"", ""start_token"": 0, ""end_token"": 5, ""requires_context"": false}]","[{""entity_type"": ""PRODUCTO_ESPECIFICO"", ""entity_id"": ""arroz_con_camaron"", ""canonical"": ""Arroz con Camarón"", ""text"": ""arroz con camarón"", ""normalized_text"": ""arroz con camarón"", ""start_char"": 9, ""end_char"": 26, ""start_token"": 2, ""end_token"": 5, ""priority"": 100, ""source"": ""PhraseMatcher""}]","{""quantities"": [1], ""monetary_values"": [], ""has_negation"": false, ""referenced_entities"": [{""entity_type"": ""PRODUCTO_ESPECIFICO"", ""entity_id"": ""arroz_con_camaron"", ""canonical"": ""Arroz con Camarón"", ""text"": ""arroz con camarón""}]}",
caso_103,¿Tienen langostinos?,¿tienen langostinos?,catalogo.consultar_producto,False,[],"[{""entity_type"": ""ALERGENO"", ""entity_id"": ""crustaceos"", ""canonical"": ""Crustáceos"", ""text"": ""langostinos"", ""normalized_text"": ""langostinos"", ""start_char"": 8, ""end_char"": 19, ""start_token"": 2, ""end_token"": 3, ""priority"": 90, ""source"": ""PhraseMatcher""}]","{""quantities"": [], ""monetary_values"": [], ""has_negation"": false, ""referenced_entities"": [{""entity_type"": ""ALERGENO"", ""entity_id"": ""crustaceos"", ""canonical"": ""Crustáceos"", ""text"": ""langostinos""}]}",
caso_105,¿Pueden organizar un almuerzo empresarial?,¿pueden organizar un almuerzo empresarial?,reserva_evento.consultar_eventos,False,"[{""rule_id"": ""MENU_REQUEST"", ""intent"": ""menu"", ""subintent"": ""solicitar_menu"", ""weight"": 0.55, ""text"": ""almuerzo"", ""start_token"": 4, ""end_token"": 5, ""requires_context"": false}, {""rule_id"": ""MENU_REQUEST"", ""intent"": ""menu"", ""subintent"": ""solicitar_menu"", ""weight"": 0.55, ""text"": ""almuerzo empresarial"", ""start_token"": 4, ""end_token"": 6, ""requires_context"": false}, {""rule_id"": ""MENU_REQUEST"", ""intent"": ""menu"", ""subintent"": ""solicitar_menu"", ""weight"": 0.55, ""text"": ""empresarial"", ""start_token"": 5, ""end_token"": 6, ""requires_context"": false}, {""rule_id"": ""DELIVERY_QUERY"", ""intent"": ""domicilio"", ""subintent"": ""consultar_domicilio"", ""weight"": 0.54, ""text"": ""almuerzo"", ""start_token"": 4, ""end_token"": 5, ""requires_context"": false}, {""rule_id"": ""DELIVERY_QUERY"", ""intent"": ""domicilio"", ""subintent"": ""consultar_domicilio"", ""weight"": 0.54, ""text"": ""almuerzo empresarial"", ""start_token"": 4, ""end_token"": 6, ""requires_context"": false}, {""rule_id"": ""DELIVERY_QUERY"", ""intent"": ""domicilio"", ""subintent"": ""consultar_domicilio"", ""weight"": 0.54, ""text"": ""empresarial"", ""start_token"": 5, ""end_token"": 6, ""requires_context"": false}]","[{""entity_type"": ""SERVICIO"", ""entity_id"": ""eventos"", ""canonical"": ""eventos"", ""text"": ""almuerzo empresarial"", ""normalized_text"": ""almuerzo empresarial"", ""start_char"": 21, ""end_char"": 41, ""start_token"": 4, ""end_token"": 6, ""priority"": 60, ""source"": ""PhraseMatcher""}]","{""quantities"": [1], ""monetary_values"": [], ""has_negation"": false, ""referenced_entities"": [{""entity_type"": ""SERVICIO"", ""entity_id"": ""eventos"", ""canonical"": ""eventos"", ""text"": ""almuerzo empresarial""}]}",
caso_113,¿Puedo reservar un espacio privado?,¿puedo reservar un espacio privado?,reserva_evento.consultar_reserva,False,"[{""rule_id"": ""RESERVATION_REQUEST"", ""intent"": ""reserva_evento"", ""subintent"": ""solicitar_reserva"", ""weight"": 0.58, ""text"": ""reservar"", ""start_token"": 2, ""end_token"": 3, ""requires_context"": false}]",[],"{""quantities"": [1], ""monetary_values"": [], ""has_negation"": false, ""referenced_entities"": []}",
caso_114,¿Cuál es la capacidad máxima para eventos?,¿cuál es la capacidad máxima para eventos?,reserva_evento.consultar_eventos,False,"[{""rule_id"": ""MENU_REQUEST"", ""intent"": ""menu"", ""subintent"": ""solicitar_menu"", ""weight"": 0.55, ""text"": ""eventos"", ""start_token"": 7, ""end_token"": 8, ""requires_context"": false}, {""rule_id"": ""DELIVERY_QUERY"", ""intent"": ""domicilio"", ""subintent"": ""consultar_domicilio"", ""weight"": 0.54, ""text"": ""eventos"", ""start_token"": 7, ""end_token"": 8, ""requires_context"": false}]","[{""entity_type"": ""SERVICIO"", ""entity_id"": ""eventos"", ""canonical"": ""eventos"", ""text"": ""eventos"", ""normalized_text"": ""eventos"", ""start_char"": 34, ""end_char"": 41, ""start_token"": 7, ""end_token"": 8, ""priority"": 60, ""source"": ""PhraseMatcher""}]","{""quantities"": [], ""monetary_values"": [], ""has_negation"": false, ""referenced_entities"": [{""entity_type"": ""SERVICIO"", ""entity_id"": ""eventos"", ""canonical"": ""eventos"", ""text"": ""eventos""}]}",
caso_116,¿El parqueadero tiene costo?,¿el parqueadero tiene costo?,horario_ubicacion.consultar_parqueadero,False,"[{""rule_id"": ""MENU_REQUEST"", ""intent"": ""menu"", ""subintent"": ""solicitar_menu"", ""weight"": 0.55, ""text"": ""parqueadero"", ""start_token"": 2, ""end_token"": 3, ""requires_context"": false}, {""rule_id"": ""DELIVERY_QUERY"", ""intent"": ""domicilio"", ""subintent"": ""consultar_domicilio"", ""weight"": 0.54, ""text"": ""parqueadero"", ""start_token"": 2, ""end_token"": 3, ""requires_context"": false}]","[{""entity_type"": ""SERVICIO"", ""entity_id"": ""parqueadero"", ""canonical"": ""Parqueadero"", ""text"": ""parqueadero"", ""normalized_text"": ""parqueadero"", ""start_char"": 4, ""end_char"": 15, ""start_token"": 2, ""end_token"": 3, ""priority"": 60, ""source"": ""PhraseMatcher""}]","{""quantities"": [], ""monetary_values"": [], ""has_negation"": false, ""referenced_entities"": [{""entity_type"": ""SERVICIO"", ""entity_id"": ""parqueadero"", ""canonical"": ""Parqueadero"", ""text"": ""parqueadero""}]}",
caso_117,¿Pueden adaptar un plato sin camarón?,¿pueden adaptar un plato sin camarón?,pedido.solicitar_modificacion,True,"[{""rule_id"": ""MODIFICATION_REMOVE"", ""intent"": ""pedido"", ""subintent"": ""solicitar_modificacion"", ""weight"": 0.62, ""text"": ""sin camarón"", ""start_token"": 5, ""end_token"": 7, ""requires_context"": false}]","[{""entity_type"": ""ALERGENO"", ""entity_id"": ""crustaceos"", ""canonical"": ""Crustáceos"", ""text"": ""camarón"", ""normalized_text"": ""camarón"", ""start_char"": 29, ""end_char"": 36, ""start_token"": 6, ""end_token"": 7, ""priority"": 90, ""source"": ""PhraseMatcher""}]","{""quantities"": [1], ""monetary_values"": [], ""has_negation"": true, ""referenced_entities"": [{""entity_type"": ""ALERGENO"", ""entity_id"": ""crustaceos"", ""canonical"": ""Crustáceos"", ""text"": ""camarón""}]}",
caso_118,Necesito propuesta para veinte personas.,necesito propuesta para veinte personas.,reserva_evento.solicitar_evento,False,"[{""rule_id"": ""QUANTITY_ONLY"", ""intent"": ""pedido"", ""subintent"": ""indicar_cantidad"", ""weight"": 0.38, ""text"": ""veinte"", ""start_token"": 3, ""end_token"": 4, ""requires_context"": true}]",[],"{""quantities"": [20], ""monetary_values"": [], ""has_negation"": false, ""referenced_entities"": []}",
caso_119,¿Manejan factura electrónica?,¿manejan factura electrónica?,operacion.consultar_facturacion,False,"[{""rule_id"": ""MENU_REQUEST"", ""intent"": ""menu"", ""subintent"": ""solicitar_menu"", ""weight"": 0.55, ""text"": ""factura"", ""start_token"": 2, ""end_token"": 3, ""requires_context"": false}, {""rule_id"": ""MENU_REQUEST"", ""intent"": ""menu"", ""subintent"": ""solicitar_menu"", ""weight"": 0.55, ""text"": ""factura electrónica"", ""start_token"": 2, ""end_token"": 4, ""requires_context"": false}, {""rule_id"": ""MENU_REQUEST"", ""intent"": ""menu"", ""subintent"": ""solicitar_menu"", ""weight"": 0.55, ""text"": ""electrónica"", ""start_token"": 3, ""end_token"": 4, ""requires_context"": false}, {""rule_id"": ""DELIVERY_QUERY"", ""intent"": ""domicilio"", ""subintent"": ""consultar_domicilio"", ""weight"": 0.54, ""text"": ""factura"", ""start_token"": 2, ""end_token"": 3, ""requires_context"": false}, {""rule_id"": ""DELIVERY_QUERY"", ""intent"": ""domicilio"", ""subintent"": ""consultar_domicilio"", ""weight"": 0.54, ""text"": ""factura electrónica"", ""start_token"": 2, ""end_token"": 4, ""requires_context"": false}, {""rule_id"": ""DELIVERY_QUERY"", ""intent"": ""domicilio"", ""subintent"": ""consultar_domicilio"", ""weight"": 0.54, ""text"": ""electrónica"", ""start_token"": 3, ""end_token"": 4, ""requires_context"": false}]","[{""entity_type"": ""SERVICIO"", ""entity_id"": ""factura_electronica"", ""canonical"": ""Factura electrónica"", ""text"": ""factura electrónica"", ""normalized_text"": ""factura electrónica"", ""start_char"": 9, ""end_char"": 28, ""start_token"": 2, ""end_token"": 4, ""priority"": 60, ""source"": ""PhraseMatcher""}]","{""quantities"": [], ""monetary_values"": [], ""has_negation"": false, ""referenced_entities"": [{""entity_type"": ""SERVICIO"", ""entity_id"": ""factura_electronica"", ""canonical"": ""Factura electrónica"", ""text"": ""factura electrónica""}]}",
caso_125,quiero pesacado frito,quiero pesacado frito,pedido.iniciar_pedido,False,[],"[{""entity_type"": ""PREPARACION"", ""entity_id"": ""frito"", ""canonical"": ""frito"", ""text"": ""frito"", ""normalized_text"": ""frito"", ""start_char"": 16, ""end_char"": 21, ""start_token"": 2, ""end_token"": 3, ""priority"": 75, ""source"": ""PhraseMatcher""}]","{""quantities"": [], ""monetary_values"": [], ""has_negation"": false, ""referenced_entities"": [{""entity_type"": ""PREPARACION"", ""entity_id"": ""frito"", ""canonical"": ""frito"", ""text"": ""frito""}]}",
caso_131,tiene camaron,tiene camaron,catalogo.consultar_producto,False,"[{""rule_id"": ""AVAILABILITY_PRODUCT"", ""intent"": ""catalogo"", ""subintent"": ""consultar_disponibilidad_producto"", ""weight"": 0.52, ""text"": ""tiene camaron"", ""start_token"": 0, ""end_token"": 2, ""requires_context"": false}]","[{""entity_type"": ""PRODUCTO_BASE"", ""entity_id"": ""camaron"", ""canonical"": ""camaron"", ""text"": ""camaron"", ""normalized_text"": ""camaron"", ""start_char"": 6, ""end_char"": 13, ""start_token"": 1, ""end_token"": 2, ""priority"": 80, ""source"": ""PhraseMatcher""}]","{""quantities"": [], ""monetary_values"": [], ""has_negation"": false, ""referenced_entities"": [{""entity_type"": ""PRODUCTO_BASE"", ""entity_id"": ""camaron"", ""canonical"": ""camaron"", ""text"": ""camaron""}]}",
caso_132,uno de esos,uno de esos,pedido.agregar_producto_pedido,False,"[{""rule_id"": ""QUANTITY_ONLY"", ""intent"": ""pedido"", ""subintent"": ""indicar_cantidad"", ""weight"": 0.38, ""text"": ""uno"", ""start_token"": 0, ""end_token"": 1, ""requires_context"": true}]",[],"{""quantities"": [1], ""monetary_values"": [], ""has_negation"": false, ""referenced_entities"": []}",
caso_133,lo quiero en salsa,lo quiero en salsa,pedido.seleccionar_preparacion,False,[],"[{""entity_type"": ""PREPARACION"", ""entity_id"": ""en_salsa"", ""canonical"": ""en_salsa"", ""text"": ""en salsa"", ""normalized_text"": ""en salsa"", ""start_char"": 10, ""end_char"": 18, ""start_token"": 2, ""end_token"": 4, ""priority"": 75, ""source"": ""PhraseMatcher""}]","{""quantities"": [], ""monetary_values"": [], ""has_negation"": false, ""referenced_entities"": [{""entity_type"": ""PREPARACION"", ""entity_id"": ""en_salsa"", ""canonical"": ""en_salsa"", ""text"": ""en salsa""}]}",
caso_139,quiero dos mojaras,quiero dos mojaras,pedido.agregar_producto_pedido,False,"[{""rule_id"": ""QUANTITY_ONLY"", ""intent"": ""pedido"", ""subintent"": ""indicar_cantidad"", ""weight"": 0.38, ""text"": ""dos"", ""start_token"": 1, ""end_token"": 2, ""requires_context"": true}]",[],"{""quantities"": [2], ""monetary_values"": [], ""has_negation"": false, ""referenced_entities"": []}",
caso_144,precios,precios,precio.consultar_precios_generales,False,[],[],"{""quantities"": [], ""monetary_values"": [], ""has_negation"": false, ""referenced_entities"": []}",
caso_145,qué hay,qué hay,menu.consultar_menu_general,False,[],[],"{""quantities"": [], ""monetary_values"": [], ""has_negation"": false, ""referenced_entities"": []}",
caso_147,uno frito,uno frito,pedido.seleccionar_preparacion,False,"[{""rule_id"": ""QUANTITY_ONLY"", ""intent"": ""pedido"", ""subintent"": ""indicar_cantidad"", ""weight"": 0.38, ""text"": ""uno"", ""start_token"": 0, ""end_token"": 1, ""requires_context"": true}]","[{""entity_type"": ""PREPARACION"", ""entity_id"": ""frito"", ""canonical"": ""frito"", ""text"": ""frito"", ""normalized_text"": ""frito"", ""start_char"": 4, ""end_char"": 9, ""start_token"": 1, ""end_token"": 2, ""priority"": 75, ""source"": ""PhraseMatcher""}]","{""quantities"": [1], ""monetary_values"": [], ""has_negation"": false, ""referenced_entities"": [{""entity_type"": ""PREPARACION"", ""entity_id"": ""frito"", ""canonical"": ""frito"", ""text"": ""frito""}]}",
caso_153,2,2,pedido.indicar_cantidad,True,"[{""rule_id"": ""QUANTITY_ONLY"", ""intent"": ""pedido"", ""subintent"": ""indicar_cantidad"", ""weight"": 0.38, ""text"": ""2"", ""start_token"": 0, ""end_token"": 1, ""requires_context"": true}]",[],"{""quantities"": [2], ""monetary_values"": [], ""has_negation"": false, ""referenced_entities"": []}",
caso_156,qué es marinera,qué es marinera,catalogo.consultar_definicion_preparacion,False,[],"[{""entity_type"": ""PREPARACION"", ""entity_id"": ""a_la_marinera"", ""canonical"": ""a_la_marinera"", ""text"": ""marinera"", ""normalized_text"": ""marinera"", ""start_char"": 7, ""end_char"": 15, ""start_token"": 2, ""end_token"": 3, ""priority"": 75, ""source"": ""PhraseMatcher""}]","{""quantities"": [], ""monetary_values"": [], ""has_negation"": false, ""referenced_entities"": [{""entity_type"": ""PREPARACION"", ""entity_id"": ""a_la_marinera"", ""canonical"": ""a_la_marinera"", ""text"": ""marinera""}]}",
caso_161,¿La cazuela tiene leche o crema?,¿la cazuela tiene leche o crema?,seguridad_alimentaria.consultar_alergenos,False,[],"[{""entity_type"": ""PRODUCTO_BASE"", ""entity_id"": ""cazuela"", ""canonical"": ""cazuela"", ""text"": ""cazuela"", ""normalized_text"": ""cazuela"", ""start_char"": 4, ""end_char"": 11, ""start_token"": 2, ""end_token"": 3, ""priority"": 80, ""source"": ""PhraseMatcher""}, {""entity_type"": ""ALERGENO"", ""entity_id"": ""lacteos"", ""canonical"": ""Lácteos"", ""text"": ""leche"", ""normalized_text"": ""leche"", ""start_char"": 18, ""end_char"": 23, ""start_token"": 4, ""end_token"": 5, ""priority"": 90, ""source"": ""PhraseMatcher""}, {""entity_type"": ""ALERGENO"", ""entity_id"": ""lacteos"", ""canonical"": ""Lácteos"", ""text"": ""crema"", ""normalized_text"": ""crema"", ""start_char"": 26, ""end_char"": 31, ""start_token"": 6, ""end_token"": 7, ""priority"": 90, ""source"": ""PhraseMatcher""}]","{""quantities"": [], ""monetary_values"": [], ""has_negation"": false, ""referenced_entities"": [{""entity_type"": ""PRODUCTO_BASE"", ""entity_id"": ""cazuela"", ""canonical"": ""cazuela"", ""text"": ""cazuela""}, {""entity_type"": ""ALERGENO"", ""entity_id"": ""lacteos"", ""canonical"": ""Lácteos"", ""text"": ""leche""}, {""entity_type"": ""ALERGENO"", ""entity_id"": ""lacteos"", ""canonical"": ""Lácteos"", ""text"": ""crema""}]}",
caso_163,¿Qué opción no es frita?,¿qué opción no es frita?,catalogo.consultar_preparacion,False,[],"[{""entity_type"": ""PREPARACION"", ""entity_id"": ""frito"", ""canonical"": ""frito"", ""text"": ""frita"", ""normalized_text"": ""frita"", ""start_char"": 18, ""end_char"": 23, ""start_token"": 5, ""end_token"": 6, ""priority"": 75, ""source"": ""PhraseMatcher""}]","{""quantities"": [], ""monetary_values"": [], ""has_negation"": true, ""referenced_entities"": [{""entity_type"": ""PREPARACION"", ""entity_id"": ""frito"", ""canonical"": ""frito"", ""text"": ""frita""}]}",
caso_165,"Soy alérgica al camarón, ¿qué puedo pedir?","soy alérgica al camarón, ¿qué puedo pedir?",recomendacion.solicitar_recomendacion_por_alergia,False,"[{""rule_id"": ""ALLERGY_QUERY"", ""intent"": ""seguridad_alimentaria"", ""subintent"": ""consultar_alergenos"", ""weight"": 0.8, ""text"": ""alérgica al camarón"", ""start_token"": 1, ""end_token"": 4, ""requires_context"": false}]","[{""entity_type"": ""ALERGENO"", ""entity_id"": ""crustaceos"", ""canonical"": ""Crustáceos"", ""text"": ""camarón"", ""normalized_text"": ""camarón"", ""start_char"": 16, ""end_char"": 23, ""start_token"": 3, ""end_token"": 4, ""priority"": 90, ""source"": ""PhraseMatcher""}]","{""quantities"": [], ""monetary_values"": [], ""has_negation"": false, ""referenced_entities"": [{""entity_type"": ""ALERGENO"", ""entity_id"": ""crustaceos"", ""canonical"": ""Crustáceos"", ""text"": ""camarón""}]}",
caso_170,¿Qué platos tienen sin mariscos?,¿qué platos tienen sin mariscos?,catalogo.consultar_categoria_por_restriccion,False,[],"[{""entity_type"": ""CATEGORIA"", ""entity_id"": ""mariscos"", ""canonical"": ""Mariscos"", ""text"": ""mariscos"", ""normalized_text"": ""mariscos"", ""start_char"": 23, ""end_char"": 31, ""start_token"": 5, ""end_token"": 6, ""priority"": 70, ""source"": ""PhraseMatcher""}]","{""quantities"": [], ""monetary_values"": [], ""has_negation"": true, ""referenced_entities"": [{""entity_type"": ""CATEGORIA"", ""entity_id"": ""mariscos"", ""canonical"": ""Mariscos"", ""text"": ""mariscos""}]}",
caso_171,¿La salsa marinera contiene lácteos?,¿la salsa marinera contiene lácteos?,seguridad_alimentaria.consultar_alergenos,False,[],"[{""entity_type"": ""INGREDIENTE"", ""entity_id"": ""salsa"", ""canonical"": ""Salsa"", ""text"": ""salsa"", ""normalized_text"": ""salsa"", ""start_char"": 4, ""end_char"": 9, ""start_token"": 2, ""end_token"": 3, ""priority"": 65, ""source"": ""PhraseMatcher""}, {""entity_type"": ""PREPARACION"", ""entity_id"": ""a_la_marinera"", ""canonical"": ""a_la_marinera"", ""text"": ""marinera"", ""normalized_text"": ""marinera"", ""start_char"": 10, ""end_char"": 18, ""start_token"": 3, ""end_token"": 4, ""priority"": 75, ""source"": ""PhraseMatcher""}, {""entity_type"": ""ALERGENO"", ""entity_id"": ""lacteos"", ""canonical"": ""Lácteos"", ""text"": ""lácteos"", ""normalized_text"": ""lácteos"", ""start_char"": 28, ""end_char"": 35, ""start_token"": 5, ""end_token"": 6, ""priority"": 90, ""source"": ""PhraseMatcher""}]","{""quantities"": [], ""monetary_values"": [], ""has_negation"": false, ""referenced_entities"": [{""entity_type"": ""INGREDIENTE"", ""entity_id"": ""salsa"", ""canonical"": ""Salsa"", ""text"": ""salsa""}, {""entity_type"": ""PREPARACION"", ""entity_id"": ""a_la_marinera"", ""canonical"": ""a_la_marinera"", ""text"": ""marinera""}, {""entity_type"": ""ALERGENO"", ""entity_id"": ""lacteos"", ""canonical"": ""Lácteos"", ""text"": ""lácteos""}]}",
caso_172,¿Pueden usar utensilios separados?,¿pueden usar utensilios separados?,seguridad_alimentaria.consultar_contaminacion_cruzada,True,"[{""rule_id"": ""CROSS_CONTAMINATION"", ""intent"": ""seguridad_alimentaria"", ""subintent"": ""consultar_contaminacion_cruzada"", ""weight"": 0.82, ""text"": ""utensilios"", ""start_token"": 3, ""end_token"": 4, ""requires_context"": false}, {""rule_id"": ""CROSS_CONTAMINATION"", ""intent"": ""seguridad_alimentaria"", ""subintent"": ""consultar_contaminacion_cruzada"", ""weight"": 0.82, ""text"": ""utensilios separados"", ""start_token"": 3, ""end_token"": 5, ""requires_context"": false}]",[],"{""quantities"": [], ""monetary_values"": [], ""has_negation"": false, ""referenced_entities"": []}",
caso_173,¿Cuál plato no lleva gluten?,¿cuál plato no lleva gluten?,recomendacion.solicitar_recomendacion_por_restriccion,False,[],"[{""entity_type"": ""ALERGENO"", ""entity_id"": ""gluten"", ""canonical"": ""Gluten"", ""text"": ""gluten"", ""normalized_text"": ""gluten"", ""start_char"": 21, ""end_char"": 27, ""start_token"": 5, ""end_token"": 6, ""priority"": 90, ""source"": ""PhraseMatcher""}]","{""quantities"": [], ""monetary_values"": [], ""has_negation"": true, ""referenced_entities"": [{""entity_type"": ""ALERGENO"", ""entity_id"": ""gluten"", ""canonical"": ""Gluten"", ""text"": ""gluten""}]}",
caso_174,¿La mojarra se puede hacer a la plancha?,¿la mojarra se puede hacer a la plancha?,catalogo.consultar_preparacion_producto,False,[],"[{""entity_type"": ""PRODUCTO_BASE"", ""entity_id"": ""mojarra"", ""canonical"": ""mojarra"", ""text"": ""mojarra"", ""normalized_text"": ""mojarra"", ""start_char"": 4, ""end_char"": 11, ""start_token"": 2, ""end_token"": 3, ""priority"": 80, ""source"": ""PhraseMatcher""}, {""entity_type"": ""PREPARACION"", ""entity_id"": ""a_la_plancha"", ""canonical"": ""a_la_plancha"", ""text"": ""a la plancha"", ""normalized_text"": ""a la plancha"", ""start_char"": 27, ""end_char"": 39, ""start_token"": 6, ""end_token"": 9, ""priority"": 75, ""source"": ""PhraseMatcher""}]","{""quantities"": [], ""monetary_values"": [], ""has_negation"": false, ""referenced_entities"": [{""entity_type"": ""PRODUCTO_BASE"", ""entity_id"": ""mojarra"", ""canonical"": ""mojarra"", ""text"": ""mojarra""}, {""entity_type"": ""PREPARACION"", ""entity_id"": ""a_la_plancha"", ""canonical"": ""a_la_plancha"", ""text"": ""a la plancha""}]}",
caso_176,¿Qué acompañamientos tienen huevo?,¿qué acompañamientos tienen huevo?,seguridad_alimentaria.consultar_alergenos,False,[],"[{""entity_type"": ""ALERGENO"", ""entity_id"": ""huevo"", ""canonical"": ""Huevo"", ""text"": ""huevo"", ""normalized_text"": ""huevo"", ""start_char"": 28, ""end_char"": 33, ""start_token"": 4, ""end_token"": 5, ""priority"": 90, ""source"": ""PhraseMatcher""}]","{""quantities"": [], ""monetary_values"": [], ""has_negation"": false, ""referenced_entities"": [{""entity_type"": ""ALERGENO"", ""entity_id"": ""huevo"", ""canonical"": ""Huevo"", ""text"": ""huevo""}]}",
caso_177,¿El aceite se comparte con productos apanados?,¿el aceite se comparte con productos apanados?,seguridad_alimentaria.consultar_contaminacion_cruzada,True,"[{""rule_id"": ""CROSS_CONTAMINATION"", ""intent"": ""seguridad_alimentaria"", ""subintent"": ""consultar_contaminacion_cruzada"", ""weight"": 0.82, ""text"": ""aceite"", ""start_token"": 2, ""end_token"": 3, ""requires_context"": false}]",[],"{""quantities"": [], ""monetary_values"": [], ""has_negation"": false, ""referenced_entities"": []}",
caso_178,¿Tienen una opción vegetariana?,¿tienen una opción vegetariana?,catalogo.consultar_categoria_por_restriccion,False,[],[],"{""quantities"": [1], ""monetary_values"": [], ""has_negation"": false, ""referenced_entities"": []}",
caso_181,Necesito almuerzo para doce personas.,necesito almuerzo para doce personas.,pedido.iniciar_pedido_grupal,False,"[{""rule_id"": ""QUANTITY_ONLY"", ""intent"": ""pedido"", ""subintent"": ""indicar_cantidad"", ""weight"": 0.38, ""text"": ""doce"", ""start_token"": 3, ""end_token"": 4, ""requires_context"": true}]",[],"{""quantities"": [12], ""monetary_values"": [], ""has_negation"": false, ""referenced_entities"": []}",
caso_182,¿Pueden entregar todos los pedidos marcados?,¿pueden entregar todos los pedidos marcados?,operacion.consultar_empaque,False,[],[],"{""quantities"": [], ""monetary_values"": [], ""has_negation"": false, ""referenced_entities"": []}",
caso_183,¿Manejan factura electrónica?,¿manejan factura electrónica?,operacion.consultar_facturacion,False,"[{""rule_id"": ""MENU_REQUEST"", ""intent"": ""menu"", ""subintent"": ""solicitar_menu"", ""weight"": 0.55, ""text"": ""factura"", ""start_token"": 2, ""end_token"": 3, ""requires_context"": false}, {""rule_id"": ""MENU_REQUEST"", ""intent"": ""menu"", ""subintent"": ""solicitar_menu"", ""weight"": 0.55, ""text"": ""factura electrónica"", ""start_token"": 2, ""end_token"": 4, ""requires_context"": false}, {""rule_id"": ""MENU_REQUEST"", ""intent"": ""menu"", ""subintent"": ""solicitar_menu"", ""weight"": 0.55, ""text"": ""electrónica"", ""start_token"": 3, ""end_token"": 4, ""requires_context"": false}, {""rule_id"": ""DELIVERY_QUERY"", ""intent"": ""domicilio"", ""subintent"": ""consultar_domicilio"", ""weight"": 0.54, ""text"": ""factura"", ""start_token"": 2, ""end_token"": 3, ""requires_context"": false}, {""rule_id"": ""DELIVERY_QUERY"", ""intent"": ""domicilio"", ""subintent"": ""consultar_domicilio"", ""weight"": 0.54, ""text"": ""factura electrónica"", ""start_token"": 2, ""end_token"": 4, ""requires_context"": false}, {""rule_id"": ""DELIVERY_QUERY"", ""intent"": ""domicilio"", ""subintent"": ""consultar_domicilio"", ""weight"": 0.54, ""text"": ""electrónica"", ""start_token"": 3, ""end_token"": 4, ""requires_context"": false}]","[{""entity_type"": ""SERVICIO"", ""entity_id"": ""factura_electronica"", ""canonical"": ""Factura electrónica"", ""text"": ""factura electrónica"", ""normalized_text"": ""factura electrónica"", ""start_char"": 9, ""end_char"": 28, ""start_token"": 2, ""end_token"": 4, ""priority"": 60, ""source"": ""PhraseMatcher""}]","{""quantities"": [], ""monetary_values"": [], ""has_negation"": false, ""referenced_entities"": [{""entity_type"": ""SERVICIO"", ""entity_id"": ""factura_electronica"", ""canonical"": ""Factura electrónica"", ""text"": ""factura electrónica""}]}",
caso_185,¿Puedo programarlo para la una?,¿puedo programarlo para la una?,operacion.consultar_pedido_programado,False,"[{""rule_id"": ""MENU_REQUEST"", ""intent"": ""menu"", ""subintent"": ""solicitar_menu"", ""weight"": 0.55, ""text"": ""programarlo"", ""start_token"": 2, ""end_token"": 3, ""requires_context"": false}, {""rule_id"": ""DELIVERY_QUERY"", ""intent"": ""domicilio"", ""subintent"": ""consultar_domicilio"", ""weight"": 0.54, ""text"": ""programarlo"", ""start_token"": 2, ""end_token"": 3, ""requires_context"": false}]","[{""entity_type"": ""SERVICIO"", ""entity_id"": ""pedido_programado"", ""canonical"": ""Pedido programado"", ""text"": ""programarlo"", ""normalized_text"": ""programarlo"", ""start_char"": 7, ""end_char"": 18, ""start_token"": 2, ""end_token"": 3, ""priority"": 60, ""source"": ""PhraseMatcher""}]","{""quantities"": [1], ""monetary_values"": [], ""has_negation"": false, ""referenced_entities"": [{""entity_type"": ""SERVICIO"", ""entity_id"": ""pedido_programado"", ""canonical"": ""Pedido programado"", ""text"": ""programarlo""}]}",
caso_191,Necesito seis bagres y seis arroces con camarón.,necesito seis bagres y seis arroces con camarón.,pedido.agregar_productos_pedido,False,"[{""rule_id"": ""QUANTITY_ONLY"", ""intent"": ""pedido"", ""subintent"": ""indicar_cantidad"", ""weight"": 0.38, ""text"": ""seis"", ""start_token"": 1, ""end_token"": 2, ""requires_context"": true}, {""rule_id"": ""QUANTITY_ONLY"", ""intent"": ""pedido"", ""subintent"": ""indicar_cantidad"", ""weight"": 0.38, ""text"": ""seis"", ""start_token"": 4, ""end_token"": 5, ""requires_context"": true}]","[{""entity_type"": ""CATEGORIA"", ""entity_id"": ""arroces"", ""canonical"": ""Arroces"", ""text"": ""arroces"", ""normalized_text"": ""arroces"", ""start_char"": 28, ""end_char"": 35, ""start_token"": 5, ""end_token"": 6, ""priority"": 70, ""source"": ""PhraseMatcher""}, {""entity_type"": ""ALERGENO"", ""entity_id"": ""crustaceos"", ""canonical"": ""Crustáceos"", ""text"": ""camarón"", ""normalized_text"": ""camarón"", ""start_char"": 40, ""end_char"": 47, ""start_token"": 7, ""end_token"": 8, ""priority"": 90, ""source"": ""PhraseMatcher""}]","{""quantities"": [6, 6], ""monetary_values"": [], ""has_negation"": false, ""referenced_entities"": [{""entity_type"": ""CATEGORIA"", ""entity_id"": ""arroces"", ""canonical"": ""Arroces"", ""text"": ""arroces""}, {""entity_type"": ""ALERGENO"", ""entity_id"": ""crustaceos"", ""canonical"": ""Crustáceos"", ""text"": ""camarón""}]}",
caso_192,¿Pueden poner el nombre de cada persona?,¿pueden poner el nombre de cada persona?,operacion.consultar_empaque,False,"[{""rule_id"": ""MENU_REQUEST"", ""intent"": ""menu"", ""subintent"": ""solicitar_menu"", ""weight"": 0.55, ""text"": ""nombre"", ""start_token"": 4, ""end_token"": 5, ""requires_context"": false}, {""rule_id"": ""MENU_REQUEST"", ""intent"": ""menu"", ""subintent"": ""solicitar_menu"", ""weight"": 0.55, ""text"": ""nombre de"", ""start_token"": 4, ""end_token"": 6, ""requires_context"": false}, {""rule_id"": ""MENU_REQUEST"", ""intent"": ""menu"", ""subintent"": ""solicitar_menu"", ""weight"": 0.55, ""text"": ""nombre de cada"", ""start_token"": 4, ""end_token"": 7, ""requires_context"": false}, {""rule_id"": ""MENU_REQUEST"", ""intent"": ""menu"", ""subintent"": ""solicitar_menu"", ""weight"": 0.55, ""text"": ""nombre de cada persona"", ""start_token"": 4, ""end_token"": 8, ""requires_context"": false}, {""rule_id"": ""MENU_REQUEST"", ""intent"": ""menu"", ""subintent"": ""solicitar_menu"", ""weight"": 0.55, ""text"": ""de"", ""start_token"": 5, ""end_token"": 6, ""requires_context"": false}, {""rule_id"": ""MENU_REQUEST"", ""intent"": ""menu"", ""subintent"": ""solicitar_menu"", ""weight"": 0.55, ""text"": ""de cada"", ""start_token"": 5, ""end_token"": 7, ""requires_context"": false}, {""rule_id"": ""MENU_REQUEST"", ""intent"": ""menu"", ""subintent"": ""solicitar_menu"", ""weight"": 0.55, ""text"": ""de cada persona"", ""start_token"": 5, ""end_token"": 8, ""requires_context"": false}, {""rule_id"": ""MENU_REQUEST"", ""intent"": ""menu"", ""subintent"": ""solicitar_menu"", ""weight"": 0.55, ""text"": ""cada"", ""start_token"": 6, ""end_token"": 7, ""requires_context"": false}, {""rule_id"": ""MENU_REQUEST"", ""intent"": ""menu"", ""subintent"": ""solicitar_menu"", ""weight"": 0.55, ""text"": ""cada persona"", ""start_token"": 6, ""end_token"": 8, ""requires_context"": false}, {""rule_id"": ""MENU_REQUEST"", ""intent"": ""menu"", ""subintent"": ""solicitar_menu"", ""weight"": 0.55, ""text"": ""persona"", ""start_token"": 7, ""end_token"": 8, ""requires_context"": false}, {""rule_id"": ""DELIVERY_QUERY"", ""intent"": ""domicilio"", ""subintent"": ""consultar_domicilio"", ""weight"": 0.54, ""text"": ""nombre"", ""start_token"": 4, ""end_token"": 5, ""requires_context"": false}, {""rule_id"": ""DELIVERY_QUERY"", ""intent"": ""domicilio"", ""subintent"": ""consultar_domicilio"", ""weight"": 0.54, ""text"": ""nombre de"", ""start_token"": 4, ""end_token"": 6, ""requires_context"": false}, {""rule_id"": ""DELIVERY_QUERY"", ""intent"": ""domicilio"", ""subintent"": ""consultar_domicilio"", ""weight"": 0.54, ""text"": ""nombre de cada"", ""start_token"": 4, ""end_token"": 7, ""requires_context"": false}, {""rule_id"": ""DELIVERY_QUERY"", ""intent"": ""domicilio"", ""subintent"": ""consultar_domicilio"", ""weight"": 0.54, ""text"": ""nombre de cada persona"", ""start_token"": 4, ""end_token"": 8, ""requires_context"": false}, {""rule_id"": ""DELIVERY_QUERY"", ""intent"": ""domicilio"", ""subintent"": ""consultar_domicilio"", ""weight"": 0.54, ""text"": ""de"", ""start_token"": 5, ""end_token"": 6, ""requires_context"": false}, {""rule_id"": ""DELIVERY_QUERY"", ""intent"": ""domicilio"", ""subintent"": ""consultar_domicilio"", ""weight"": 0.54, ""text"": ""de cada"", ""start_token"": 5, ""end_token"": 7, ""requires_context"": false}, {""rule_id"": ""DELIVERY_QUERY"", ""intent"": ""domicilio"", ""subintent"": ""consultar_domicilio"", ""weight"": 0.54, ""text"": ""de cada persona"", ""start_token"": 5, ""end_token"": 8, ""requires_context"": false}, {""rule_id"": ""DELIVERY_QUERY"", ""intent"": ""domicilio"", ""subintent"": ""consultar_domicilio"", ""weight"": 0.54, ""text"": ""cada"", ""start_token"": 6, ""end_token"": 7, ""requires_context"": false}, {""rule_id"": ""DELIVERY_QUERY"", ""intent"": ""domicilio"", ""subintent"": ""consultar_domicilio"", ""weight"": 0.54, ""text"": ""cada persona"", ""start_token"": 6, ""end_token"": 8, ""requires_context"": false}, {""rule_id"": ""DELIVERY_QUERY"", ""intent"": ""domicilio"", ""subintent"": ""consultar_domicilio"", ""weight"": 0.54, ""text"": ""persona"", ""start_token"": 7, ""end_token"": 8, ""requires_context"": false}]","[{""entity_type"": ""SERVICIO"", ""entity_id"": ""etiquetado_nombre"", ""canonical"": ""Etiquetado por nombre"", ""text"": ""nombre de cada persona"", ""normalized_text"": ""nombre de cada persona"", ""start_char"": 17, ""end_char"": 39, ""start_token"": 4, ""end_token"": 8, ""priority"": 60, ""source"": ""PhraseMatcher""}]","{""quantities"": [], ""monetary_values"": [], ""has_negation"": false, ""referenced_entities"": [{""entity_type"": ""SERVICIO"", ""entity_id"": ""etiquetado_nombre"", ""canonical"": ""Etiquetado por nombre"", ""text"": ""nombre de cada persona""}]}",
caso_193,¿Cuál es el tiempo de entrega para doce pedidos?,¿cuál es el tiempo de entrega para doce pedidos?,domicilio.consultar_domicilio_grupal,False,"[{""rule_id"": ""MENU_REQUEST"", ""intent"": ""menu"", ""subintent"": ""solicitar_menu"", ""weight"": 0.55, ""text"": ""entrega"", ""start_token"": 6, ""end_token"": 7, ""requires_context"": false}, {""rule_id"": ""DELIVERY_QUERY"", ""intent"": ""domicilio"", ""subintent"": ""consultar_domicilio"", ""weight"": 0.54, ""text"": ""entrega"", ""start_token"": 6, ""end_token"": 7, ""requires_context"": false}, {""rule_id"": ""QUANTITY_ONLY"", ""intent"": ""pedido"", ""subintent"": ""indicar_cantidad"", ""weight"": 0.38, ""text"": ""doce"", ""start_token"": 8, ""end_token"": 9, ""requires_context"": true}]","[{""entity_type"": ""SERVICIO"", ""entity_id"": ""domicilio"", ""canonical"": ""domicilio"", ""text"": ""entrega"", ""normalized_text"": ""entrega"", ""start_char"": 22, ""end_char"": 29, ""start_token"": 6, ""end_token"": 7, ""priority"": 60, ""source"": ""PhraseMatcher""}]","{""quantities"": [12], ""monetary_values"": [], ""has_negation"": false, ""referenced_entities"": [{""entity_type"": ""SERVICIO"", ""entity_id"": ""domicilio"", ""canonical"": ""domicilio"", ""text"": ""entrega""}]}",
caso_198,¿Tienen capacidad para cincuenta personas?,¿tienen capacidad para cincuenta personas?,reserva_evento.consultar_eventos,False,"[{""rule_id"": ""QUANTITY_ONLY"", ""intent"": ""pedido"", ""subintent"": ""indicar_cantidad"", ""weight"": 0.38, ""text"": ""cincuenta"", ""start_token"": 4, ""end_token"": 5, ""requires_context"": true}]",[],"{""quantities"": [50], ""monetary_values"": [], ""has_negation"": false, ""referenced_entities"": []}",
caso_199,¿Puedo pagar una parte por transferencia y otra con tarjeta?,¿puedo pagar una parte por transferencia y otra con tarjeta?,pago.consultar_pago_mixto,False,"[{""rule_id"": ""MENU_RETRY"", ""intent"": ""menu"", ""subintent"": ""reenviar_menu"", ""weight"": 0.65, ""text"": ""otra"", ""start_token"": 8, ""end_token"": 9, ""requires_context"": true}, {""rule_id"": ""PAYMENT_QUERY"", ""intent"": ""pago"", ""subintent"": ""consultar_medio_pago"", ""weight"": 0.55, ""text"": ""transferencia"", ""start_token"": 6, ""end_token"": 7, ""requires_context"": false}]","[{""entity_type"": ""MEDIO_PAGO"", ""entity_id"": ""transferencia_bancaria"", ""canonical"": ""transferencia_bancaria"", ""text"": ""transferencia"", ""normalized_text"": ""transferencia"", ""start_char"": 27, ""end_char"": 40, ""start_token"": 6, ""end_token"": 7, ""priority"": 70, ""source"": ""PhraseMatcher""}]","{""quantities"": [1], ""monetary_values"": [], ""has_negation"": false, ""referenced_entities"": [{""entity_type"": ""MEDIO_PAGO"", ""entity_id"": ""transferencia_bancaria"", ""canonical"": ""transferencia_bancaria"", ""text"": ""transferencia""}]}",
