caso_id,mensaje,subintencion_esperada,mensaje_normalizado,evidencias_matcher,evidencias_lemas,lemas,lemas_apoyan_subintencion,error
caso_001,"Parce, ¿qué almuerzo tienen barato?",solicitar_recomendacion_por_presupuesto,"parce, ¿qué almuerzo tienen barato?",[],"[{""lemma"": ""tener"", ""matched_text"": ""tienen"", ""intent"": ""catalogo"", ""subintent"": ""consultar_producto"", ""weight"": 0.12, ""token_index"": 5, ""source"": ""catalog_fallback""}]","[{""text"": ""parce"", ""lemma"": ""parce"", ""source"": ""spacy""}, {""text"": ""qué"", ""lemma"": ""qué"", ""source"": ""spacy""}, {""text"": ""almuerzo"", ""lemma"": ""almuerzo"", ""source"": ""spacy""}, {""text"": ""tienen"", ""lemma"": ""tener"", ""source"": ""catalog_fallback""}, {""text"": ""barato"", ""lemma"": ""barato"", ""source"": ""spacy""}]",False,
caso_002,¿Hay ejecutivo hoy?,consultar_categoria,¿hay ejecutivo hoy?,[],"[{""lemma"": ""haber"", ""matched_text"": ""hay"", ""intent"": ""catalogo"", ""subintent"": ""consultar_producto"", ""weight"": 0.12, ""token_index"": 1, ""source"": ""catalog_fallback""}]","[{""text"": ""hay"", ""lemma"": ""haber"", ""source"": ""catalog_fallback""}, {""text"": ""ejecutivo"", ""lemma"": ""ejecutivo"", ""source"": ""spacy""}, {""text"": ""hoy"", ""lemma"": ""hoy"", ""source"": ""spacy""}]",False,
caso_003,¿Qué puedo pedir con veinte lucas?,solicitar_recomendacion_por_presupuesto,¿qué puedo pedir con veinte lucas?,"[{""rule_id"": ""PRICE_BUDGET"", ""intent"": ""precio"", ""subintent"": ""solicitar_recomendacion_por_presupuesto"", ""weight"": 0.58, ""text"": ""con veinte"", ""start_token"": 4, ""end_token"": 6, ""requires_context"": false}, {""rule_id"": ""PRICE_BUDGET"", ""intent"": ""precio"", ""subintent"": ""solicitar_recomendacion_por_presupuesto"", ""weight"": 0.58, ""text"": ""con veinte lucas"", ""start_token"": 4, ""end_token"": 7, ""requires_context"": false}, {""rule_id"": ""QUANTITY_ONLY"", ""intent"": ""pedido"", ""subintent"": ""indicar_cantidad"", ""weight"": 0.38, ""text"": ""veinte"", ""start_token"": 5, ""end_token"": 6, ""requires_context"": true}]","[{""lemma"": ""pedir"", ""matched_text"": ""pedir"", ""intent"": ""pedido"", ""subintent"": ""iniciar_pedido"", ""weight"": 0.24, ""token_index"": 3, ""source"": ""catalog_fallback""}]","[{""text"": ""qué"", ""lemma"": ""qué"", ""source"": ""spacy""}, {""text"": ""puedo"", ""lemma"": ""poder"", ""source"": ""spacy""}, {""text"": ""pedir"", ""lemma"": ""pedir"", ""source"": ""catalog_fallback""}, {""text"": ""con"", ""lemma"": ""con"", ""source"": ""spacy""}, {""text"": ""veinte"", ""lemma"": ""veinte"", ""source"": ""spacy""}, {""text"": ""lucas"", ""lemma"": ""luca"", ""source"": ""spacy""}]",False,
caso_004,¿Reciben Nequi?,consultar_medio_pago,¿reciben nequi?,"[{""rule_id"": ""PAYMENT_QUERY"", ""intent"": ""pago"", ""subintent"": ""consultar_medio_pago"", ""weight"": 0.55, ""text"": ""reciben nequi"", ""start_token"": 1, ""end_token"": 3, ""requires_context"": false}, {""rule_id"": ""PAYMENT_QUERY"", ""intent"": ""pago"", ""subintent"": ""consultar_medio_pago"", ""weight"": 0.55, ""text"": ""nequi"", ""start_token"": 2, ""end_token"": 3, ""requires_context"": false}]","[{""lemma"": ""aceptar"", ""matched_text"": ""reciben"", ""intent"": ""pago"", ""subintent"": ""consultar_medio_pago"", ""weight"": 0.15, ""token_index"": 1, ""source"": ""catalog_fallback""}]","[{""text"": ""reciben"", ""lemma"": ""aceptar"", ""source"": ""catalog_fallback""}, {""text"": ""nequi"", ""lemma"": ""nequi"", ""source"": ""spacy""}]",True,
caso_005,¿El domi cuánto vale?,consultar_domicilio,¿el domicilio cuánto vale?,"[{""rule_id"": ""MENU_REQUEST"", ""intent"": ""menu"", ""subintent"": ""solicitar_menu"", ""weight"": 0.55, ""text"": ""domicilio"", ""start_token"": 2, ""end_token"": 3, ""requires_context"": false}, {""rule_id"": ""DELIVERY_QUERY"", ""intent"": ""domicilio"", ""subintent"": ""consultar_domicilio"", ""weight"": 0.54, ""text"": ""domicilio"", ""start_token"": 2, ""end_token"": 3, ""requires_context"": false}, {""rule_id"": ""DELIVERY_QUERY"", ""intent"": ""domicilio"", ""subintent"": ""consultar_domicilio"", ""weight"": 0.54, ""text"": ""domicilio cuánto"", ""start_token"": 2, ""end_token"": 4, ""requires_context"": false}, {""rule_id"": ""DELIVERY_QUERY"", ""intent"": ""domicilio"", ""subintent"": ""consultar_domicilio"", ""weight"": 0.54, ""text"": ""domicilio cuánto vale"", ""start_token"": 2, ""end_token"": 5, ""requires_context"": false}]","[{""lemma"": ""valer"", ""matched_text"": ""vale"", ""intent"": ""precio"", ""subintent"": ""consultar_precio_producto"", ""weight"": 0.22, ""token_index"": 4, ""source"": ""catalog_fallback""}, {""lemma"": ""domicilio"", ""matched_text"": ""domicilio"", ""intent"": ""domicilio"", ""subintent"": ""consultar_domicilio"", ""weight"": 0.2, ""token_index"": 2, ""source"": ""catalog_fallback""}]","[{""text"": ""el"", ""lemma"": ""el"", ""source"": ""spacy""}, {""text"": ""domicilio"", ""lemma"": ""domicilio"", ""source"": ""catalog_fallback""}, {""text"": ""cuánto"", ""lemma"": ""cuánto"", ""source"": ""spacy""}, {""text"": ""vale"", ""lemma"": ""valer"", ""source"": ""catalog_fallback""}]",True,
caso_006,Pásame el menú,solicitar_menu,pásame el menú,"[{""rule_id"": ""MENU_RETRY"", ""intent"": ""menu"", ""subintent"": ""reenviar_menu"", ""weight"": 0.65, ""text"": ""menú"", ""start_token"": 2, ""end_token"": 3, ""requires_context"": true}, {""rule_id"": ""MENU_REQUEST"", ""intent"": ""menu"", ""subintent"": ""solicitar_menu"", ""weight"": 0.55, ""text"": ""menú"", ""start_token"": 2, ""end_token"": 3, ""requires_context"": false}, {""rule_id"": ""DELIVERY_QUERY"", ""intent"": ""domicilio"", ""subintent"": ""consultar_domicilio"", ""weight"": 0.54, ""text"": ""menú"", ""start_token"": 2, ""end_token"": 3, ""requires_context"": false}]",[],"[{""text"": ""pásame"", ""lemma"": ""pásamar"", ""source"": ""spacy""}, {""text"": ""el"", ""lemma"": ""el"", ""source"": ""spacy""}, {""text"": ""menú"", ""lemma"": ""menú"", ""source"": ""spacy""}]",False,
caso_007,Pásame el menú,solicitar_menu,pásame el menú,"[{""rule_id"": ""MENU_RETRY"", ""intent"": ""menu"", ""subintent"": ""reenviar_menu"", ""weight"": 0.65, ""text"": ""menú"", ""start_token"": 2, ""end_token"": 3, ""requires_context"": true}, {""rule_id"": ""MENU_REQUEST"", ""intent"": ""menu"", ""subintent"": ""solicitar_menu"", ""weight"": 0.55, ""text"": ""menú"", ""start_token"": 2, ""end_token"": 3, ""requires_context"": false}, {""rule_id"": ""DELIVERY_QUERY"", ""intent"": ""domicilio"", ""subintent"": ""consultar_domicilio"", ""weight"": 0.54, ""text"": ""menú"", ""start_token"": 2, ""end_token"": 3, ""requires_context"": false}]",[],"[{""text"": ""pásame"", ""lemma"": ""pásamar"", ""source"": ""spacy""}, {""text"": ""el"", ""lemma"": ""el"", ""source"": ""spacy""}, {""text"": ""menú"", ""lemma"": ""menú"", ""source"": ""spacy""}]",False,
caso_008,Mándamelo otra vez,reenviar_menu,mándamelo otra vez,"[{""rule_id"": ""MENU_RETRY"", ""intent"": ""menu"", ""subintent"": ""reenviar_menu"", ""weight"": 0.65, ""text"": ""mándamelo"", ""start_token"": 0, ""end_token"": 1, ""requires_context"": true}, {""rule_id"": ""MENU_RETRY"", ""intent"": ""menu"", ""subintent"": ""reenviar_menu"", ""weight"": 0.65, ""text"": ""mándamelo otra"", ""start_token"": 0, ""end_token"": 2, ""requires_context"": true}, {""rule_id"": ""MENU_RETRY"", ""intent"": ""menu"", ""subintent"": ""reenviar_menu"", ""weight"": 0.65, ""text"": ""mándamelo otra vez"", ""start_token"": 0, ""end_token"": 3, ""requires_context"": true}, {""rule_id"": ""MENU_RETRY"", ""intent"": ""menu"", ""subintent"": ""reenviar_menu"", ""weight"": 0.65, ""text"": ""otra"", ""start_token"": 1, ""end_token"": 2, ""requires_context"": true}, {""rule_id"": ""MENU_RETRY"", ""intent"": ""menu"", ""subintent"": ""reenviar_menu"", ""weight"": 0.65, ""text"": ""otra vez"", ""start_token"": 1, ""end_token"": 3, ""requires_context"": true}, {""rule_id"": ""MENU_RETRY"", ""intent"": ""menu"", ""subintent"": ""reenviar_menu"", ""weight"": 0.65, ""text"": ""vez"", ""start_token"": 2, ""end_token"": 3, ""requires_context"": true}]",[],"[{""text"": ""mándamelo"", ""lemma"": ""mándamelo"", ""source"": ""spacy""}, {""text"": ""otra"", ""lemma"": ""otro"", ""source"": ""spacy""}, {""text"": ""vez"", ""lemma"": ""vez"", ""source"": ""spacy""}]",False,
caso_009,¿Cuánto vale la mojarra frita?,consultar_precio_producto,¿cuánto vale la mojarra frita?,"[{""rule_id"": ""PRICE_Q_WH"", ""intent"": ""precio"", ""subintent"": ""consultar_precio_producto"", ""weight"": 0.55, ""text"": ""cuánto vale la mojarra"", ""start_token"": 1, ""end_token"": 5, ""requires_context"": false}, {""rule_id"": ""PRICE_Q_WH"", ""intent"": ""precio"", ""subintent"": ""consultar_precio_producto"", ""weight"": 0.55, ""text"": ""cuánto vale la mojarra frita"", ""start_token"": 1, ""end_token"": 6, ""requires_context"": false}]","[{""lemma"": ""valer"", ""matched_text"": ""vale"", ""intent"": ""precio"", ""subintent"": ""consultar_precio_producto"", ""weight"": 0.22, ""token_index"": 2, ""source"": ""catalog_fallback""}]","[{""text"": ""cuánto"", ""lemma"": ""cuánto"", ""source"": ""spacy""}, {""text"": ""vale"", ""lemma"": ""valer"", ""source"": ""catalog_fallback""}, {""text"": ""la"", ""lemma"": ""el"", ""source"": ""spacy""}, {""text"": ""mojarra"", ""lemma"": ""mojarra"", ""source"": ""spacy""}, {""text"": ""frita"", ""lemma"": ""frito"", ""source"": ""spacy""}]",True,
caso_010,¿Qué arroces tienen?,consultar_categoria,¿qué arroces tienen?,"[{""rule_id"": ""CATEGORY_QUERY"", ""intent"": ""catalogo"", ""subintent"": ""consultar_categoria"", ""weight"": 0.5, ""text"": ""qué arroces"", ""start_token"": 1, ""end_token"": 3, ""requires_context"": false}, {""rule_id"": ""CATEGORY_QUERY"", ""intent"": ""catalogo"", ""subintent"": ""consultar_categoria"", ""weight"": 0.5, ""text"": ""qué arroces tienen"", ""start_token"": 1, ""end_token"": 4, ""requires_context"": false}]","[{""lemma"": ""tener"", ""matched_text"": ""tienen"", ""intent"": ""catalogo"", ""subintent"": ""consultar_producto"", ""weight"": 0.12, ""token_index"": 3, ""source"": ""catalog_fallback""}]","[{""text"": ""qué"", ""lemma"": ""qué"", ""source"": ""spacy""}, {""text"": ""arroces"", ""lemma"": ""arroz"", ""source"": ""spacy""}, {""text"": ""tienen"", ""lemma"": ""tener"", ""source"": ""catalog_fallback""}]",False,
caso_011,¿Hay algo con camarón que no sea tan caro?,solicitar_recomendacion,¿hay algo con camarón que no sea tan caro?,[],"[{""lemma"": ""haber"", ""matched_text"": ""hay"", ""intent"": ""catalogo"", ""subintent"": ""consultar_producto"", ""weight"": 0.12, ""token_index"": 1, ""source"": ""catalog_fallback""}]","[{""text"": ""hay"", ""lemma"": ""haber"", ""source"": ""catalog_fallback""}, {""text"": ""algo"", ""lemma"": ""algo"", ""source"": ""spacy""}, {""text"": ""con"", ""lemma"": ""con"", ""source"": ""spacy""}, {""text"": ""camarón"", ""lemma"": ""camarón"", ""source"": ""spacy""}, {""text"": ""que"", ""lemma"": ""que"", ""source"": ""spacy""}, {""text"": ""no"", ""lemma"": ""no"", ""source"": ""spacy""}, {""text"": ""sea"", ""lemma"": ""ser"", ""source"": ""spacy""}, {""text"": ""tan"", ""lemma"": ""tanto"", ""source"": ""spacy""}, {""text"": ""caro"", ""lemma"": ""caro"", ""source"": ""spacy""}]",False,
caso_012,Quiero una mojarra,iniciar_pedido,quiero una mojarra,"[{""rule_id"": ""ORDER_WANT_PRODUCT"", ""intent"": ""pedido"", ""subintent"": ""iniciar_pedido"", ""weight"": 0.58, ""text"": ""quiero una mojarra"", ""start_token"": 0, ""end_token"": 3, ""requires_context"": false}]","[{""lemma"": ""querer"", ""matched_text"": ""quiero"", ""intent"": ""pedido"", ""subintent"": ""iniciar_pedido"", ""weight"": 0.12, ""token_index"": 0, ""source"": ""catalog_fallback""}]","[{""text"": ""quiero"", ""lemma"": ""querer"", ""source"": ""catalog_fallback""}, {""text"": ""una"", ""lemma"": ""uno"", ""source"": ""spacy""}, {""text"": ""mojarra"", ""lemma"": ""mojarra"", ""source"": ""spacy""}]",True,
caso_013,Una frita,seleccionar_preparacion,una frita,[],[],"[{""text"": ""una"", ""lemma"": ""uno"", ""source"": ""spacy""}, {""text"": ""frita"", ""lemma"": ""frita"", ""source"": ""spacy""}]",False,
caso_014,¿El arroz con camarón viene con bebida?,consultar_detalle_producto,¿el arroz con camarón viene con bebida?,[],[],"[{""text"": ""el"", ""lemma"": ""el"", ""source"": ""spacy""}, {""text"": ""arroz"", ""lemma"": ""arroz"", ""source"": ""spacy""}, {""text"": ""con"", ""lemma"": ""con"", ""source"": ""spacy""}, {""text"": ""camarón"", ""lemma"": ""camarón"", ""source"": ""spacy""}, {""text"": ""viene"", ""lemma"": ""venir"", ""source"": ""spacy""}, {""text"": ""con"", ""lemma"": ""con"", ""source"": ""spacy""}, {""text"": ""bebida"", ""lemma"": ""bebida"", ""source"": ""spacy""}]",False,
caso_015,¿Atienden hoy?,consultar_horario,¿atienden hoy?,"[{""rule_id"": ""SCHEDULE_QUERY"", ""intent"": ""horario_ubicacion"", ""subintent"": ""consultar_horario"", ""weight"": 0.52, ""text"": ""atienden"", ""start_token"": 1, ""end_token"": 2, ""requires_context"": false}, {""rule_id"": ""SCHEDULE_QUERY"", ""intent"": ""horario_ubicacion"", ""subintent"": ""consultar_horario"", ""weight"": 0.52, ""text"": ""atienden hoy"", ""start_token"": 1, ""end_token"": 3, ""requires_context"": false}]",[],"[{""text"": ""atienden"", ""lemma"": ""atender"", ""source"": ""spacy""}, {""text"": ""hoy"", ""lemma"": ""hoy"", ""source"": ""spacy""}]",False,
caso_016,¿Hasta dónde llega el domicilio?,consultar_domicilio,¿hasta dónde llega el domicilio?,"[{""rule_id"": ""MENU_REQUEST"", ""intent"": ""menu"", ""subintent"": ""solicitar_menu"", ""weight"": 0.55, ""text"": ""domicilio"", ""start_token"": 5, ""end_token"": 6, ""requires_context"": false}, {""rule_id"": ""DELIVERY_QUERY"", ""intent"": ""domicilio"", ""subintent"": ""consultar_domicilio"", ""weight"": 0.54, ""text"": ""domicilio"", ""start_token"": 5, ""end_token"": 6, ""requires_context"": false}, {""rule_id"": ""LOCATION_QUERY"", ""intent"": ""horario_ubicacion"", ""subintent"": ""consultar_ubicacion"", ""weight"": 0.5, ""text"": ""dónde"", ""start_token"": 2, ""end_token"": 3, ""requires_context"": false}]","[{""lemma"": ""domicilio"", ""matched_text"": ""domicilio"", ""intent"": ""domicilio"", ""subintent"": ""consultar_domicilio"", ""weight"": 0.2, ""token_index"": 5, ""source"": ""catalog_fallback""}]","[{""text"": ""hasta"", ""lemma"": ""hasta"", ""source"": ""spacy""}, {""text"": ""dónde"", ""lemma"": ""dónde"", ""source"": ""spacy""}, {""text"": ""llega"", ""lemma"": ""llegar"", ""source"": ""spacy""}, {""text"": ""el"", ""lemma"": ""el"", ""source"": ""spacy""}, {""text"": ""domicilio"", ""lemma"": ""domicilio"", ""source"": ""catalog_fallback""}]",True,
caso_017,¿Se puede pagar cuando llegue?,consultar_medio_pago,¿se puede pagar cuando llegue?,[],"[{""lemma"": ""pagar"", ""matched_text"": ""pagar"", ""intent"": ""pago"", ""subintent"": ""consultar_medio_pago"", ""weight"": 0.2, ""token_index"": 3, ""source"": ""catalog_fallback""}]","[{""text"": ""se"", ""lemma"": ""él"", ""source"": ""spacy""}, {""text"": ""puede"", ""lemma"": ""poder"", ""source"": ""spacy""}, {""text"": ""pagar"", ""lemma"": ""pagar"", ""source"": ""catalog_fallback""}, {""text"": ""cuando"", ""lemma"": ""cuando"", ""source"": ""spacy""}, {""text"": ""llegue"", ""lemma"": ""llegar"", ""source"": ""spacy""}]",True,
caso_018,¿Qué plato llena más?,solicitar_recomendacion,¿qué plato llena más?,[],[],"[{""text"": ""qué"", ""lemma"": ""qué"", ""source"": ""spacy""}, {""text"": ""plato"", ""lemma"": ""plato"", ""source"": ""spacy""}, {""text"": ""llena"", ""lemma"": ""lleno"", ""source"": ""spacy""}, {""text"": ""más"", ""lemma"": ""más"", ""source"": ""spacy""}]",False,
caso_019,¿Tienen ceviche pequeño?,consultar_producto,¿tienen ceviche pequeño?,"[{""rule_id"": ""AVAILABILITY_PRODUCT"", ""intent"": ""catalogo"", ""subintent"": ""consultar_disponibilidad_producto"", ""weight"": 0.52, ""text"": ""tienen ceviche"", ""start_token"": 1, ""end_token"": 3, ""requires_context"": false}]","[{""lemma"": ""tener"", ""matched_text"": ""tienen"", ""intent"": ""catalogo"", ""subintent"": ""consultar_producto"", ""weight"": 0.12, ""token_index"": 1, ""source"": ""catalog_fallback""}]","[{""text"": ""tienen"", ""lemma"": ""tener"", ""source"": ""catalog_fallback""}, {""text"": ""ceviche"", ""lemma"": ""ceviche"", ""source"": ""spacy""}, {""text"": ""pequeño"", ""lemma"": ""pequeño"", ""source"": ""spacy""}]",True,
caso_020,"Gracias, era eso",agradecer,"gracias, era eso","[{""rule_id"": ""THANKS"", ""intent"": ""social"", ""subintent"": ""agradecer"", ""weight"": 0.7, ""text"": ""gracias"", ""start_token"": 0, ""end_token"": 1, ""requires_context"": false}]","[{""lemma"": ""agradecer"", ""matched_text"": ""gracias"", ""intent"": ""social"", ""subintent"": ""agradecer"", ""weight"": 0.3, ""token_index"": 0, ""source"": ""catalog_fallback""}]","[{""text"": ""gracias"", ""lemma"": ""agradecer"", ""source"": ""catalog_fallback""}, {""text"": ""era"", ""lemma"": ""ser"", ""source"": ""spacy""}, {""text"": ""eso"", ""lemma"": ""ese"", ""source"": ""spacy""}]",True,
caso_021,¿Qué menú ejecutivo tienen hoy?,consultar_categoria,¿qué menú ejecutivo tienen hoy?,"[{""rule_id"": ""MENU_RETRY"", ""intent"": ""menu"", ""subintent"": ""reenviar_menu"", ""weight"": 0.65, ""text"": ""menú"", ""start_token"": 2, ""end_token"": 3, ""requires_context"": true}, {""rule_id"": ""MENU_REQUEST"", ""intent"": ""menu"", ""subintent"": ""solicitar_menu"", ""weight"": 0.55, ""text"": ""menú"", ""start_token"": 2, ""end_token"": 3, ""requires_context"": false}, {""rule_id"": ""DELIVERY_QUERY"", ""intent"": ""domicilio"", ""subintent"": ""consultar_domicilio"", ""weight"": 0.54, ""text"": ""menú"", ""start_token"": 2, ""end_token"": 3, ""requires_context"": false}]","[{""lemma"": ""tener"", ""matched_text"": ""tienen"", ""intent"": ""catalogo"", ""subintent"": ""consultar_producto"", ""weight"": 0.12, ""token_index"": 4, ""source"": ""catalog_fallback""}]","[{""text"": ""qué"", ""lemma"": ""qué"", ""source"": ""spacy""}, {""text"": ""menú"", ""lemma"": ""menú"", ""source"": ""spacy""}, {""text"": ""ejecutivo"", ""lemma"": ""ejecutivo"", ""source"": ""spacy""}, {""text"": ""tienen"", ""lemma"": ""tener"", ""source"": ""catalog_fallback""}, {""text"": ""hoy"", ""lemma"": ""hoy"", ""source"": ""spacy""}]",False,
caso_022,Necesito pedir para tres personas.,iniciar_pedido_grupal,necesito pedir para tres personas.,"[{""rule_id"": ""QUANTITY_ONLY"", ""intent"": ""pedido"", ""subintent"": ""indicar_cantidad"", ""weight"": 0.38, ""text"": ""tres"", ""start_token"": 3, ""end_token"": 4, ""requires_context"": true}]","[{""lemma"": ""pedir"", ""matched_text"": ""pedir"", ""intent"": ""pedido"", ""subintent"": ""iniciar_pedido"", ""weight"": 0.24, ""token_index"": 1, ""source"": ""catalog_fallback""}]","[{""text"": ""necesito"", ""lemma"": ""necesitar"", ""source"": ""spacy""}, {""text"": ""pedir"", ""lemma"": ""pedir"", ""source"": ""catalog_fallback""}, {""text"": ""para"", ""lemma"": ""para"", ""source"": ""spacy""}, {""text"": ""tres"", ""lemma"": ""tres"", ""source"": ""spacy""}, {""text"": ""personas"", ""lemma"": ""persona"", ""source"": ""spacy""}]",False,
caso_023,¿Cuánto demora el domicilio a Ciudad Montes?,consultar_domicilio,¿cuál es el tiempo de entrega el domicilio a ciudad montes?,"[{""rule_id"": ""MENU_REQUEST"", ""intent"": ""menu"", ""subintent"": ""solicitar_menu"", ""weight"": 0.55, ""text"": ""entrega"", ""start_token"": 6, ""end_token"": 7, ""requires_context"": false}, {""rule_id"": ""MENU_REQUEST"", ""intent"": ""menu"", ""subintent"": ""solicitar_menu"", ""weight"": 0.55, ""text"": ""domicilio"", ""start_token"": 8, ""end_token"": 9, ""requires_context"": false}, {""rule_id"": ""DELIVERY_QUERY"", ""intent"": ""domicilio"", ""subintent"": ""consultar_domicilio"", ""weight"": 0.54, ""text"": ""entrega"", ""start_token"": 6, ""end_token"": 7, ""requires_context"": false}, {""rule_id"": ""DELIVERY_QUERY"", ""intent"": ""domicilio"", ""subintent"": ""consultar_domicilio"", ""weight"": 0.54, ""text"": ""domicilio"", ""start_token"": 8, ""end_token"": 9, ""requires_context"": false}]","[{""lemma"": ""domicilio"", ""matched_text"": ""entrega"", ""intent"": ""domicilio"", ""subintent"": ""consultar_domicilio"", ""weight"": 0.2, ""token_index"": 6, ""source"": ""catalog_fallback""}, {""lemma"": ""domicilio"", ""matched_text"": ""domicilio"", ""intent"": ""domicilio"", ""subintent"": ""consultar_domicilio"", ""weight"": 0.2, ""token_index"": 8, ""source"": ""catalog_fallback""}]","[{""text"": ""cuál"", ""lemma"": ""cuál"", ""source"": ""spacy""}, {""text"": ""es"", ""lemma"": ""ser"", ""source"": ""spacy""}, {""text"": ""el"", ""lemma"": ""el"", ""source"": ""spacy""}, {""text"": ""tiempo"", ""lemma"": ""tiempo"", ""source"": ""spacy""}, {""text"": ""de"", ""lemma"": ""de"", ""source"": ""spacy""}, {""text"": ""entrega"", ""lemma"": ""domicilio"", ""source"": ""catalog_fallback""}, {""text"": ""el"", ""lemma"": ""el"", ""source"": ""spacy""}, {""text"": ""domicilio"", ""lemma"": ""domicilio"", ""source"": ""catalog_fallback""}, {""text"": ""ciudad"", ""lemma"": ""ciudad"", ""source"": ""spacy""}, {""text"": ""montes"", ""lemma"": ""mont"", ""source"": ""spacy""}]",True,
caso_024,¿Me envían factura?,consultar_facturacion,¿me envían factura?,"[{""rule_id"": ""MENU_REQUEST"", ""intent"": ""menu"", ""subintent"": ""solicitar_menu"", ""weight"": 0.55, ""text"": ""factura"", ""start_token"": 3, ""end_token"": 4, ""requires_context"": false}, {""rule_id"": ""DELIVERY_QUERY"", ""intent"": ""domicilio"", ""subintent"": ""consultar_domicilio"", ""weight"": 0.54, ""text"": ""factura"", ""start_token"": 3, ""end_token"": 4, ""requires_context"": false}]","[{""lemma"": ""facturar"", ""matched_text"": ""factura"", ""intent"": ""operacion"", ""subintent"": ""consultar_facturacion"", ""weight"": 0.24, ""token_index"": 3, ""source"": ""catalog_fallback""}]","[{""text"": ""me"", ""lemma"": ""yo"", ""source"": ""spacy""}, {""text"": ""envían"", ""lemma"": ""envir"", ""source"": ""spacy""}, {""text"": ""factura"", ""lemma"": ""facturar"", ""source"": ""catalog_fallback""}]",True,
caso_025,¿Puedo pagar con tarjeta?,consultar_medio_pago,¿puedo pagar con tarjeta?,[],"[{""lemma"": ""pagar"", ""matched_text"": ""pagar"", ""intent"": ""pago"", ""subintent"": ""consultar_medio_pago"", ""weight"": 0.2, ""token_index"": 2, ""source"": ""catalog_fallback""}]","[{""text"": ""puedo"", ""lemma"": ""poder"", ""source"": ""spacy""}, {""text"": ""pagar"", ""lemma"": ""pagar"", ""source"": ""catalog_fallback""}, {""text"": ""con"", ""lemma"": ""con"", ""source"": ""spacy""}, {""text"": ""tarjeta"", ""lemma"": ""tarjeta"", ""source"": ""spacy""}]",True,
caso_026,Envíame la carta en PDF.,solicitar_menu,envíame la menú en pdf.,"[{""rule_id"": ""MENU_RETRY"", ""intent"": ""menu"", ""subintent"": ""reenviar_menu"", ""weight"": 0.65, ""text"": ""menú"", ""start_token"": 2, ""end_token"": 3, ""requires_context"": true}, {""rule_id"": ""MENU_REQUEST"", ""intent"": ""menu"", ""subintent"": ""solicitar_menu"", ""weight"": 0.55, ""text"": ""menú"", ""start_token"": 2, ""end_token"": 3, ""requires_context"": false}, {""rule_id"": ""DELIVERY_QUERY"", ""intent"": ""domicilio"", ""subintent"": ""consultar_domicilio"", ""weight"": 0.54, ""text"": ""menú"", ""start_token"": 2, ""end_token"": 3, ""requires_context"": false}]","[{""lemma"": ""enviar"", ""matched_text"": ""envíame"", ""intent"": ""menu"", ""subintent"": ""solicitar_menu"", ""weight"": 0.16, ""token_index"": 0, ""source"": ""catalog_fallback""}]","[{""text"": ""envíame"", ""lemma"": ""enviar"", ""source"": ""catalog_fallback""}, {""text"": ""la"", ""lemma"": ""el"", ""source"": ""spacy""}, {""text"": ""menú"", ""lemma"": ""menú"", ""source"": ""spacy""}, {""text"": ""en"", ""lemma"": ""en"", ""source"": ""spacy""}, {""text"": ""pdf"", ""lemma"": ""pdf"", ""source"": ""spacy""}]",True,
caso_028,"Sí, reenvíala.",reenviar_menu,"sí, reenvíala.",[],"[{""lemma"": ""reenviar"", ""matched_text"": ""reenvíala"", ""intent"": ""menu"", ""subintent"": ""reenviar_menu"", ""weight"": 0.28, ""token_index"": 2, ""source"": ""catalog_fallback""}]","[{""text"": ""sí"", ""lemma"": ""sí"", ""source"": ""spacy""}, {""text"": ""reenvíala"", ""lemma"": ""reenviar"", ""source"": ""catalog_fallback""}]",True,
caso_029,¿Qué trae la cazuela mixta?,consultar_detalle_producto,¿qué trae la cazuela mixta?,"[{""rule_id"": ""PRODUCT_DETAIL_WHAT_HAS"", ""intent"": ""catalogo"", ""subintent"": ""consultar_detalle_producto"", ""weight"": 0.5, ""text"": ""qué trae"", ""start_token"": 1, ""end_token"": 3, ""requires_context"": false}]",[],"[{""text"": ""qué"", ""lemma"": ""qué"", ""source"": ""spacy""}, {""text"": ""trae"", ""lemma"": ""traer"", ""source"": ""spacy""}, {""text"": ""la"", ""lemma"": ""el"", ""source"": ""spacy""}, {""text"": ""cazuela"", ""lemma"": ""cazuela"", ""source"": ""spacy""}, {""text"": ""mixta"", ""lemma"": ""mixto"", ""source"": ""spacy""}]",False,
caso_031,Quiero dos arroces con camarón y una cazuela.,agregar_productos_pedido,quiero dos arroces con camarón y una cazuela.,"[{""rule_id"": ""QUANTITY_ONLY"", ""intent"": ""pedido"", ""subintent"": ""indicar_cantidad"", ""weight"": 0.38, ""text"": ""dos"", ""start_token"": 1, ""end_token"": 2, ""requires_context"": true}]","[{""lemma"": ""querer"", ""matched_text"": ""quiero"", ""intent"": ""pedido"", ""subintent"": ""iniciar_pedido"", ""weight"": 0.12, ""token_index"": 0, ""source"": ""catalog_fallback""}]","[{""text"": ""quiero"", ""lemma"": ""querer"", ""source"": ""catalog_fallback""}, {""text"": ""dos"", ""lemma"": ""dos"", ""source"": ""spacy""}, {""text"": ""arroces"", ""lemma"": ""arroz"", ""source"": ""spacy""}, {""text"": ""con"", ""lemma"": ""con"", ""source"": ""spacy""}, {""text"": ""camarón"", ""lemma"": ""camarón"", ""source"": ""spacy""}, {""text"": ""una"", ""lemma"": ""uno"", ""source"": ""spacy""}, {""text"": ""cazuela"", ""lemma"": ""cazuela"", ""source"": ""spacy""}]",False,
caso_032,¿Pueden llegar a la una en punto?,consultar_pedido_programado,¿pueden llegar a la una en punto?,[],[],"[{""text"": ""pueden"", ""lemma"": ""poder"", ""source"": ""spacy""}, {""text"": ""llegar"", ""lemma"": ""llegar"", ""source"": ""spacy""}, {""text"": ""la"", ""lemma"": ""el"", ""source"": ""spacy""}, {""text"": ""una"", ""lemma"": ""uno"", ""source"": ""spacy""}, {""text"": ""en"", ""lemma"": ""en"", ""source"": ""spacy""}, {""text"": ""punto"", ""lemma"": ""punto"", ""source"": ""spacy""}]",False,
caso_033,¿Cuál plato sale más rápido?,solicitar_recomendacion,¿cuál plato sale más rápido?,[],[],"[{""text"": ""cuál"", ""lemma"": ""cuál"", ""source"": ""spacy""}, {""text"": ""plato"", ""lemma"": ""plato"", ""source"": ""spacy""}, {""text"": ""sale"", ""lemma"": ""salir"", ""source"": ""spacy""}, {""text"": ""más"", ""lemma"": ""más"", ""source"": ""spacy""}, {""text"": ""rápido"", ""lemma"": ""rápido"", ""source"": ""spacy""}]",False,
caso_034,¿La trucha a la plancha está disponible?,consultar_disponibilidad_producto,¿la trucha a la plancha está disponible?,[],[],"[{""text"": ""la"", ""lemma"": ""el"", ""source"": ""spacy""}, {""text"": ""trucha"", ""lemma"": ""trucha"", ""source"": ""spacy""}, {""text"": ""la"", ""lemma"": ""el"", ""source"": ""spacy""}, {""text"": ""plancha"", ""lemma"": ""plancha"", ""source"": ""spacy""}, {""text"": ""está"", ""lemma"": ""estar"", ""source"": ""spacy""}, {""text"": ""disponible"", ""lemma"": ""disponible"", ""source"": ""spacy""}]",False,
caso_036,¿Me separan cada pedido?,consultar_empaque,¿me separan cada pedido?,[],"[{""lemma"": ""reservar"", ""matched_text"": ""separan"", ""intent"": ""reserva_evento"", ""subintent"": ""solicitar_reserva"", ""weight"": 0.25, ""token_index"": 2, ""source"": ""catalog_fallback""}, {""lemma"": ""pedir"", ""matched_text"": ""pedido"", ""intent"": ""pedido"", ""subintent"": ""iniciar_pedido"", ""weight"": 0.24, ""token_index"": 4, ""source"": ""catalog_fallback""}]","[{""text"": ""me"", ""lemma"": ""yo"", ""source"": ""spacy""}, {""text"": ""separan"", ""lemma"": ""reservar"", ""source"": ""catalog_fallback""}, {""text"": ""cada"", ""lemma"": ""cada"", ""source"": ""spacy""}, {""text"": ""pedido"", ""lemma"": ""pedir"", ""source"": ""catalog_fallback""}]",False,
caso_037,¿Dónde quedan exactamente?,consultar_ubicacion,¿dónde quedan exactamente?,"[{""rule_id"": ""LOCATION_QUERY"", ""intent"": ""horario_ubicacion"", ""subintent"": ""consultar_ubicacion"", ""weight"": 0.5, ""text"": ""dónde"", ""start_token"": 1, ""end_token"": 2, ""requires_context"": false}, {""rule_id"": ""LOCATION_QUERY"", ""intent"": ""horario_ubicacion"", ""subintent"": ""consultar_ubicacion"", ""weight"": 0.5, ""text"": ""dónde quedan"", ""start_token"": 1, ""end_token"": 3, ""requires_context"": false}]","[{""lemma"": ""quedar"", ""matched_text"": ""quedan"", ""intent"": ""horario_ubicacion"", ""subintent"": ""consultar_ubicacion"", ""weight"": 0.18, ""token_index"": 2, ""source"": ""catalog_fallback""}]","[{""text"": ""dónde"", ""lemma"": ""dónde"", ""source"": ""spacy""}, {""text"": ""quedan"", ""lemma"": ""quedar"", ""source"": ""catalog_fallback""}, {""text"": ""exactamente"", ""lemma"": ""exactamente"", ""source"": ""spacy""}]",True,
caso_038,¿Tienen parqueadero?,consultar_parqueadero,¿tienen parqueadero?,"[{""rule_id"": ""MENU_REQUEST"", ""intent"": ""menu"", ""subintent"": ""solicitar_menu"", ""weight"": 0.55, ""text"": ""parqueadero"", ""start_token"": 2, ""end_token"": 3, ""requires_context"": false}, {""rule_id"": ""DELIVERY_QUERY"", ""intent"": ""domicilio"", ""subintent"": ""consultar_domicilio"", ""weight"": 0.54, ""text"": ""parqueadero"", ""start_token"": 2, ""end_token"": 3, ""requires_context"": false}]","[{""lemma"": ""tener"", ""matched_text"": ""tienen"", ""intent"": ""catalogo"", ""subintent"": ""consultar_producto"", ""weight"": 0.12, ""token_index"": 1, ""source"": ""catalog_fallback""}]","[{""text"": ""tienen"", ""lemma"": ""tener"", ""source"": ""catalog_fallback""}, {""text"": ""parqueadero"", ""lemma"": ""parqueadero"", ""source"": ""spacy""}]",False,
caso_040,"Perfecto, muchas gracias.",agradecer,"perfecto, muchas gracias.","[{""rule_id"": ""THANKS"", ""intent"": ""social"", ""subintent"": ""agradecer"", ""weight"": 0.7, ""text"": ""gracias"", ""start_token"": 3, ""end_token"": 4, ""requires_context"": false}]","[{""lemma"": ""agradecer"", ""matched_text"": ""gracias"", ""intent"": ""social"", ""subintent"": ""agradecer"", ""weight"": 0.3, ""token_index"": 3, ""source"": ""catalog_fallback""}]","[{""text"": ""perfecto"", ""lemma"": ""perfecto"", ""source"": ""spacy""}, {""text"": ""muchas"", ""lemma"": ""mucho"", ""source"": ""spacy""}, {""text"": ""gracias"", ""lemma"": ""agradecer"", ""source"": ""catalog_fallback""}]",True,
caso_042,¿La mojarra tiene muchas espinas?,consultar_detalle_producto,¿la mojarra tiene muchas espinas?,[],"[{""lemma"": ""tener"", ""matched_text"": ""tiene"", ""intent"": ""catalogo"", ""subintent"": ""consultar_producto"", ""weight"": 0.12, ""token_index"": 3, ""source"": ""catalog_fallback""}]","[{""text"": ""la"", ""lemma"": ""el"", ""source"": ""spacy""}, {""text"": ""mojarra"", ""lemma"": ""mojarra"", ""source"": ""spacy""}, {""text"": ""tiene"", ""lemma"": ""tener"", ""source"": ""catalog_fallback""}, {""text"": ""muchas"", ""lemma"": ""mucho"", ""source"": ""spacy""}, {""text"": ""espinas"", ""lemma"": ""espina"", ""source"": ""spacy""}]",False,
caso_045,¿Tienen parqueadero?,consultar_parqueadero,¿tienen parqueadero?,"[{""rule_id"": ""MENU_REQUEST"", ""intent"": ""menu"", ""subintent"": ""solicitar_menu"", ""weight"": 0.55, ""text"": ""parqueadero"", ""start_token"": 2, ""end_token"": 3, ""requires_context"": false}, {""rule_id"": ""DELIVERY_QUERY"", ""intent"": ""domicilio"", ""subintent"": ""consultar_domicilio"", ""weight"": 0.54, ""text"": ""parqueadero"", ""start_token"": 2, ""end_token"": 3, ""requires_context"": false}]","[{""lemma"": ""tener"", ""matched_text"": ""tienen"", ""intent"": ""catalogo"", ""subintent"": ""consultar_producto"", ""weight"": 0.12, ""token_index"": 1, ""source"": ""catalog_fallback""}]","[{""text"": ""tienen"", ""lemma"": ""tener"", ""source"": ""catalog_fallback""}, {""text"": ""parqueadero"", ""lemma"": ""parqueadero"", ""source"": ""spacy""}]",False,
caso_048,"Vuelva y me lo manda, por favor.",reenviar_menu,"vuelva y me lo manda, por favor.",[],"[{""lemma"": ""enviar"", ""matched_text"": ""manda"", ""intent"": ""menu"", ""subintent"": ""solicitar_menu"", ""weight"": 0.16, ""token_index"": 4, ""source"": ""catalog_fallback""}]","[{""text"": ""vuelva"", ""lemma"": ""volver"", ""source"": ""spacy""}, {""text"": ""me"", ""lemma"": ""yo"", ""source"": ""spacy""}, {""text"": ""lo"", ""lemma"": ""él"", ""source"": ""spacy""}, {""text"": ""manda"", ""lemma"": ""enviar"", ""source"": ""catalog_fallback""}, {""text"": ""por"", ""lemma"": ""por"", ""source"": ""spacy""}, {""text"": ""favor"", ""lemma"": ""favor"", ""source"": ""spacy""}]",False,
caso_049,¿Cuánto cuesta el salmón?,consultar_precio_producto,¿cuánto cuesta el salmón?,"[{""rule_id"": ""PRICE_Q_WH"", ""intent"": ""precio"", ""subintent"": ""consultar_precio_producto"", ""weight"": 0.55, ""text"": ""cuánto cuesta el salmón"", ""start_token"": 1, ""end_token"": 5, ""requires_context"": false}]","[{""lemma"": ""costar"", ""matched_text"": ""cuesta"", ""intent"": ""precio"", ""subintent"": ""consultar_precio_producto"", ""weight"": 0.22, ""token_index"": 2, ""source"": ""catalog_fallback""}]","[{""text"": ""cuánto"", ""lemma"": ""cuánto"", ""source"": ""spacy""}, {""text"": ""cuesta"", ""lemma"": ""costar"", ""source"": ""catalog_fallback""}, {""text"": ""el"", ""lemma"": ""el"", ""source"": ""spacy""}, {""text"": ""salmón"", ""lemma"": ""salmón"", ""source"": ""spacy""}]",True,
caso_052,¿Tienen menú infantil?,consultar_servicio,¿tienen menú menú infantil?,"[{""rule_id"": ""MENU_RETRY"", ""intent"": ""menu"", ""subintent"": ""reenviar_menu"", ""weight"": 0.65, ""text"": ""menú"", ""start_token"": 2, ""end_token"": 3, ""requires_context"": true}, {""rule_id"": ""MENU_RETRY"", ""intent"": ""menu"", ""subintent"": ""reenviar_menu"", ""weight"": 0.65, ""text"": ""menú"", ""start_token"": 3, ""end_token"": 4, ""requires_context"": true}, {""rule_id"": ""MENU_REQUEST"", ""intent"": ""menu"", ""subintent"": ""solicitar_menu"", ""weight"": 0.55, ""text"": ""menú"", ""start_token"": 2, ""end_token"": 3, ""requires_context"": false}, {""rule_id"": ""MENU_REQUEST"", ""intent"": ""menu"", ""subintent"": ""solicitar_menu"", ""weight"": 0.55, ""text"": ""menú menú"", ""start_token"": 2, ""end_token"": 4, ""requires_context"": false}, {""rule_id"": ""MENU_REQUEST"", ""intent"": ""menu"", ""subintent"": ""solicitar_menu"", ""weight"": 0.55, ""text"": ""menú menú infantil"", ""start_token"": 2, ""end_token"": 5, ""requires_context"": false}, {""rule_id"": ""MENU_REQUEST"", ""intent"": ""menu"", ""subintent"": ""solicitar_menu"", ""weight"": 0.55, ""text"": ""menú"", ""start_token"": 3, ""end_token"": 4, ""requires_context"": false}, {""rule_id"": ""MENU_REQUEST"", ""intent"": ""menu"", ""subintent"": ""solicitar_menu"", ""weight"": 0.55, ""text"": ""menú infantil"", ""start_token"": 3, ""end_token"": 5, ""requires_context"": false}, {""rule_id"": ""MENU_REQUEST"", ""intent"": ""menu"", ""subintent"": ""solicitar_menu"", ""weight"": 0.55, ""text"": ""infantil"", ""start_token"": 4, ""end_token"": 5, ""requires_context"": false}, {""rule_id"": ""DELIVERY_QUERY"", ""intent"": ""domicilio"", ""subintent"": ""consultar_domicilio"", ""weight"": 0.54, ""text"": ""menú"", ""start_token"": 2, ""end_token"": 3, ""requires_context"": false}, {""rule_id"": ""DELIVERY_QUERY"", ""intent"": ""domicilio"", ""subintent"": ""consultar_domicilio"", ""weight"": 0.54, ""text"": ""menú menú"", ""start_token"": 2, ""end_token"": 4, ""requires_context"": false}, {""rule_id"": ""DELIVERY_QUERY"", ""intent"": ""domicilio"", ""subintent"": ""consultar_domicilio"", ""weight"": 0.54, ""text"": ""menú menú infantil"", ""start_token"": 2, ""end_token"": 5, ""requires_context"": false}, {""rule_id"": ""DELIVERY_QUERY"", ""intent"": ""domicilio"", ""subintent"": ""consultar_domicilio"", ""weight"": 0.54, ""text"": ""menú"", ""start_token"": 3, ""end_token"": 4, ""requires_context"": false}, {""rule_id"": ""DELIVERY_QUERY"", ""intent"": ""domicilio"", ""subintent"": ""consultar_domicilio"", ""weight"": 0.54, ""text"": ""menú infantil"", ""start_token"": 3, ""end_token"": 5, ""requires_context"": false}, {""rule_id"": ""DELIVERY_QUERY"", ""intent"": ""domicilio"", ""subintent"": ""consultar_domicilio"", ""weight"": 0.54, ""text"": ""infantil"", ""start_token"": 4, ""end_token"": 5, ""requires_context"": false}]","[{""lemma"": ""tener"", ""matched_text"": ""tienen"", ""intent"": ""catalogo"", ""subintent"": ""consultar_producto"", ""weight"": 0.12, ""token_index"": 1, ""source"": ""catalog_fallback""}]","[{""text"": ""tienen"", ""lemma"": ""tener"", ""source"": ""catalog_fallback""}, {""text"": ""menú"", ""lemma"": ""menú"", ""source"": ""spacy""}, {""text"": ""menú"", ""lemma"": ""menú"", ""source"": ""spacy""}, {""text"": ""infantil"", ""lemma"": ""infantil"", ""source"": ""spacy""}]",False,
caso_055,¿Puedo reservar una mesa para cinco?,solicitar_reserva,¿puedo reservar una mesa para cinco?,"[{""rule_id"": ""RESERVATION_REQUEST"", ""intent"": ""reserva_evento"", ""subintent"": ""solicitar_reserva"", ""weight"": 0.58, ""text"": ""reservar"", ""start_token"": 2, ""end_token"": 3, ""requires_context"": false}, {""rule_id"": ""QUANTITY_ONLY"", ""intent"": ""pedido"", ""subintent"": ""indicar_cantidad"", ""weight"": 0.38, ""text"": ""cinco"", ""start_token"": 6, ""end_token"": 7, ""requires_context"": true}]","[{""lemma"": ""reservar"", ""matched_text"": ""reservar"", ""intent"": ""reserva_evento"", ""subintent"": ""solicitar_reserva"", ""weight"": 0.25, ""token_index"": 2, ""source"": ""catalog_fallback""}]","[{""text"": ""puedo"", ""lemma"": ""poder"", ""source"": ""spacy""}, {""text"": ""reservar"", ""lemma"": ""reservar"", ""source"": ""catalog_fallback""}, {""text"": ""una"", ""lemma"": ""uno"", ""source"": ""spacy""}, {""text"": ""mesa"", ""lemma"": ""mesa"", ""source"": ""spacy""}, {""text"": ""para"", ""lemma"": ""para"", ""source"": ""spacy""}, {""text"": ""cinco"", ""lemma"": ""cinco"", ""source"": ""spacy""}]",True,
caso_056,¿La reserva cuesta?,consultar_reserva,¿la reserva cuesta?,"[{""rule_id"": ""RESERVATION_REQUEST"", ""intent"": ""reserva_evento"", ""subintent"": ""solicitar_reserva"", ""weight"": 0.58, ""text"": ""reserva"", ""start_token"": 2, ""end_token"": 3, ""requires_context"": false}, {""rule_id"": ""MENU_REQUEST"", ""intent"": ""menu"", ""subintent"": ""solicitar_menu"", ""weight"": 0.55, ""text"": ""reserva"", ""start_token"": 2, ""end_token"": 3, ""requires_context"": false}, {""rule_id"": ""DELIVERY_QUERY"", ""intent"": ""domicilio"", ""subintent"": ""consultar_domicilio"", ""weight"": 0.54, ""text"": ""reserva"", ""start_token"": 2, ""end_token"": 3, ""requires_context"": false}]","[{""lemma"": ""reservar"", ""matched_text"": ""reserva"", ""intent"": ""reserva_evento"", ""subintent"": ""solicitar_reserva"", ""weight"": 0.25, ""token_index"": 2, ""source"": ""catalog_fallback""}, {""lemma"": ""costar"", ""matched_text"": ""cuesta"", ""intent"": ""precio"", ""subintent"": ""consultar_precio_producto"", ""weight"": 0.22, ""token_index"": 3, ""source"": ""catalog_fallback""}]","[{""text"": ""la"", ""lemma"": ""el"", ""source"": ""spacy""}, {""text"": ""reserva"", ""lemma"": ""reservar"", ""source"": ""catalog_fallback""}, {""text"": ""cuesta"", ""lemma"": ""costar"", ""source"": ""catalog_fallback""}]",False,
caso_057,¿Abren el domingo?,consultar_horario,¿abren el domingo?,"[{""rule_id"": ""SCHEDULE_QUERY"", ""intent"": ""horario_ubicacion"", ""subintent"": ""consultar_horario"", ""weight"": 0.52, ""text"": ""abren"", ""start_token"": 1, ""end_token"": 2, ""requires_context"": false}]","[{""lemma"": ""abrir"", ""matched_text"": ""abren"", ""intent"": ""horario_ubicacion"", ""subintent"": ""consultar_horario"", ""weight"": 0.22, ""token_index"": 1, ""source"": ""catalog_fallback""}]","[{""text"": ""abren"", ""lemma"": ""abrir"", ""source"": ""catalog_fallback""}, {""text"": ""el"", ""lemma"": ""el"", ""source"": ""spacy""}, {""text"": ""domingo"", ""lemma"": ""domingo"", ""source"": ""spacy""}]",True,
caso_059,Quiero una cazuela para compartir.,iniciar_pedido,quiero una cazuela para compartir.,"[{""rule_id"": ""ORDER_WANT_PRODUCT"", ""intent"": ""pedido"", ""subintent"": ""iniciar_pedido"", ""weight"": 0.58, ""text"": ""quiero una cazuela"", ""start_token"": 0, ""end_token"": 3, ""requires_context"": false}]","[{""lemma"": ""querer"", ""matched_text"": ""quiero"", ""intent"": ""pedido"", ""subintent"": ""iniciar_pedido"", ""weight"": 0.12, ""token_index"": 0, ""source"": ""catalog_fallback""}]","[{""text"": ""quiero"", ""lemma"": ""querer"", ""source"": ""catalog_fallback""}, {""text"": ""una"", ""lemma"": ""uno"", ""source"": ""spacy""}, {""text"": ""cazuela"", ""lemma"": ""cazuela"", ""source"": ""spacy""}, {""text"": ""para"", ""lemma"": ""para"", ""source"": ""spacy""}, {""text"": ""compartir"", ""lemma"": ""compartir"", ""source"": ""spacy""}]",True,
caso_060,"Listo, gracias por la información.",agradecer,"listo, gracias por la información.","[{""rule_id"": ""THANKS"", ""intent"": ""social"", ""subintent"": ""agradecer"", ""weight"": 0.7, ""text"": ""gracias"", ""start_token"": 2, ""end_token"": 3, ""requires_context"": false}]","[{""lemma"": ""agradecer"", ""matched_text"": ""gracias"", ""intent"": ""social"", ""subintent"": ""agradecer"", ""weight"": 0.3, ""token_index"": 2, ""source"": ""catalog_fallback""}]","[{""text"": ""listo"", ""lemma"": ""listo"", ""source"": ""spacy""}, {""text"": ""gracias"", ""lemma"": ""agradecer"", ""source"": ""catalog_fallback""}, {""text"": ""por"", ""lemma"": ""por"", ""source"": ""spacy""}, {""text"": ""la"", ""lemma"": ""el"", ""source"": ""spacy""}, {""text"": ""información"", ""lemma"": ""información"", ""source"": ""spacy""}]",True,
caso_062,¿Cuál preparan sin apanado?,consultar_preparacion,¿cuál preparan sin apanado?,"[{""rule_id"": ""MODIFICATION_REMOVE"", ""intent"": ""pedido"", ""subintent"": ""solicitar_modificacion"", ""weight"": 0.62, ""text"": ""sin apanado"", ""start_token"": 3, ""end_token"": 5, ""requires_context"": false}]","[{""lemma"": ""preparar"", ""matched_text"": ""preparan"", ""intent"": ""catalogo"", ""subintent"": ""consultar_preparacion_producto"", ""weight"": 0.2, ""token_index"": 2, ""source"": ""catalog_fallback""}]","[{""text"": ""cuál"", ""lemma"": ""cuál"", ""source"": ""spacy""}, {""text"": ""preparan"", ""lemma"": ""preparar"", ""source"": ""catalog_fallback""}, {""text"": ""sin"", ""lemma"": ""sin"", ""source"": ""spacy""}, {""text"": ""apanado"", ""lemma"": ""apanado"", ""source"": ""spacy""}]",False,
caso_063,¿Tienen algo a la plancha?,consultar_preparacion,¿tienen algo a la plancha?,[],"[{""lemma"": ""tener"", ""matched_text"": ""tienen"", ""intent"": ""catalogo"", ""subintent"": ""consultar_producto"", ""weight"": 0.12, ""token_index"": 1, ""source"": ""catalog_fallback""}]","[{""text"": ""tienen"", ""lemma"": ""tener"", ""source"": ""catalog_fallback""}, {""text"": ""algo"", ""lemma"": ""algo"", ""source"": ""spacy""}, {""text"": ""la"", ""lemma"": ""el"", ""source"": ""spacy""}, {""text"": ""plancha"", ""lemma"": ""plancha"", ""source"": ""spacy""}]",False,
caso_065,¿Ustedes abren el domingo?,consultar_horario,¿ustedes abren el domingo?,"[{""rule_id"": ""SCHEDULE_QUERY"", ""intent"": ""horario_ubicacion"", ""subintent"": ""consultar_horario"", ""weight"": 0.52, ""text"": ""abren"", ""start_token"": 2, ""end_token"": 3, ""requires_context"": false}]","[{""lemma"": ""abrir"", ""matched_text"": ""abren"", ""intent"": ""horario_ubicacion"", ""subintent"": ""consultar_horario"", ""weight"": 0.22, ""token_index"": 2, ""source"": ""catalog_fallback""}]","[{""text"": ""ustedes"", ""lemma"": ""tú"", ""source"": ""spacy""}, {""text"": ""abren"", ""lemma"": ""abrir"", ""source"": ""catalog_fallback""}, {""text"": ""el"", ""lemma"": ""el"", ""source"": ""spacy""}, {""text"": ""domingo"", ""lemma"": ""domingo"", ""source"": ""spacy""}]",True,
caso_069,¿Cuánto vale el bagre en salsa?,consultar_precio_producto,¿cuánto vale el bagre en salsa?,"[{""rule_id"": ""PRICE_Q_WH"", ""intent"": ""precio"", ""subintent"": ""consultar_precio_producto"", ""weight"": 0.55, ""text"": ""cuánto vale el bagre"", ""start_token"": 1, ""end_token"": 5, ""requires_context"": false}, {""rule_id"": ""PRICE_Q_WH"", ""intent"": ""precio"", ""subintent"": ""consultar_precio_producto"", ""weight"": 0.55, ""text"": ""cuánto vale el bagre en"", ""start_token"": 1, ""end_token"": 6, ""requires_context"": false}, {""rule_id"": ""PRICE_Q_WH"", ""intent"": ""precio"", ""subintent"": ""consultar_precio_producto"", ""weight"": 0.55, ""text"": ""cuánto vale el bagre en salsa"", ""start_token"": 1, ""end_token"": 7, ""requires_context"": false}]","[{""lemma"": ""valer"", ""matched_text"": ""vale"", ""intent"": ""precio"", ""subintent"": ""consultar_precio_producto"", ""weight"": 0.22, ""token_index"": 2, ""source"": ""catalog_fallback""}]","[{""text"": ""cuánto"", ""lemma"": ""cuánto"", ""source"": ""spacy""}, {""text"": ""vale"", ""lemma"": ""valer"", ""source"": ""catalog_fallback""}, {""text"": ""el"", ""lemma"": ""el"", ""source"": ""spacy""}, {""text"": ""bagre"", ""lemma"": ""bagre"", ""source"": ""spacy""}, {""text"": ""en"", ""lemma"": ""en"", ""source"": ""spacy""}, {""text"": ""salsa"", ""lemma"": ""salsa"", ""source"": ""spacy""}]",True,
caso_071,¿La trucha la hacen al vapor?,consultar_preparacion_producto,¿la trucha la hacen al vapor?,[],[],"[{""text"": ""la"", ""lemma"": ""el"", ""source"": ""spacy""}, {""text"": ""trucha"", ""lemma"": ""trucha"", ""source"": ""spacy""}, {""text"": ""la"", ""lemma"": ""él"", ""source"": ""spacy""}, {""text"": ""hacen"", ""lemma"": ""hacer"", ""source"": ""spacy""}, {""text"": ""al"", ""lemma"": ""al"", ""source"": ""spacy""}, {""text"": ""vapor"", ""lemma"": ""vapor"", ""source"": ""spacy""}]",False,
caso_072,¿Qué es a la marinera?,consultar_definicion_preparacion,¿qué es a la marinera?,[],[],"[{""text"": ""qué"", ""lemma"": ""qué"", ""source"": ""spacy""}, {""text"": ""es"", ""lemma"": ""ser"", ""source"": ""spacy""}, {""text"": ""la"", ""lemma"": ""el"", ""source"": ""spacy""}, {""text"": ""marinera"", ""lemma"": ""marinera"", ""source"": ""spacy""}]",False,
caso_073,"¿Cuál es más suave, el bagre o la trucha?",comparar_productos,"¿cuál es más suave, el bagre o la trucha?",[],[],"[{""text"": ""cuál"", ""lemma"": ""cuál"", ""source"": ""spacy""}, {""text"": ""es"", ""lemma"": ""ser"", ""source"": ""spacy""}, {""text"": ""más"", ""lemma"": ""más"", ""source"": ""spacy""}, {""text"": ""suave"", ""lemma"": ""suave"", ""source"": ""spacy""}, {""text"": ""el"", ""lemma"": ""el"", ""source"": ""spacy""}, {""text"": ""bagre"", ""lemma"": ""bagre"", ""source"": ""spacy""}, {""text"": ""la"", ""lemma"": ""el"", ""source"": ""spacy""}, {""text"": ""trucha"", ""lemma"": ""trucha"", ""source"": ""spacy""}]",False,
caso_074,¿Puedo pedir sin ajo?,solicitar_modificacion,¿puedo pedir sin ajo?,"[{""rule_id"": ""MODIFICATION_REMOVE"", ""intent"": ""pedido"", ""subintent"": ""solicitar_modificacion"", ""weight"": 0.62, ""text"": ""sin ajo"", ""start_token"": 3, ""end_token"": 5, ""requires_context"": false}]","[{""lemma"": ""pedir"", ""matched_text"": ""pedir"", ""intent"": ""pedido"", ""subintent"": ""iniciar_pedido"", ""weight"": 0.24, ""token_index"": 2, ""source"": ""catalog_fallback""}]","[{""text"": ""puedo"", ""lemma"": ""poder"", ""source"": ""spacy""}, {""text"": ""pedir"", ""lemma"": ""pedir"", ""source"": ""catalog_fallback""}, {""text"": ""sin"", ""lemma"": ""sin"", ""source"": ""spacy""}, {""text"": ""ajo"", ""lemma"": ""ajo"", ""source"": ""spacy""}]",False,
caso_077,¿Dónde están ubicados?,consultar_ubicacion,¿dónde están ubicados?,"[{""rule_id"": ""LOCATION_QUERY"", ""intent"": ""horario_ubicacion"", ""subintent"": ""consultar_ubicacion"", ""weight"": 0.5, ""text"": ""dónde"", ""start_token"": 1, ""end_token"": 2, ""requires_context"": false}, {""rule_id"": ""LOCATION_QUERY"", ""intent"": ""horario_ubicacion"", ""subintent"": ""consultar_ubicacion"", ""weight"": 0.5, ""text"": ""dónde están"", ""start_token"": 1, ""end_token"": 3, ""requires_context"": false}]","[{""lemma"": ""quedar"", ""matched_text"": ""ubicados"", ""intent"": ""horario_ubicacion"", ""subintent"": ""consultar_ubicacion"", ""weight"": 0.18, ""token_index"": 3, ""source"": ""catalog_fallback""}]","[{""text"": ""dónde"", ""lemma"": ""dónde"", ""source"": ""spacy""}, {""text"": ""están"", ""lemma"": ""estar"", ""source"": ""spacy""}, {""text"": ""ubicados"", ""lemma"": ""quedar"", ""source"": ""catalog_fallback""}]",True,
caso_078,Quiero reservar para el domingo al mediodía.,solicitar_reserva,quiero reservar para el domingo al mediodía.,"[{""rule_id"": ""RESERVATION_REQUEST"", ""intent"": ""reserva_evento"", ""subintent"": ""solicitar_reserva"", ""weight"": 0.58, ""text"": ""reservar"", ""start_token"": 1, ""end_token"": 2, ""requires_context"": false}, {""rule_id"": ""RESERVATION_REQUEST"", ""intent"": ""reserva_evento"", ""subintent"": ""solicitar_reserva"", ""weight"": 0.58, ""text"": ""reservar para"", ""start_token"": 1, ""end_token"": 3, ""requires_context"": false}]","[{""lemma"": ""reservar"", ""matched_text"": ""reservar"", ""intent"": ""reserva_evento"", ""subintent"": ""solicitar_reserva"", ""weight"": 0.25, ""token_index"": 1, ""source"": ""catalog_fallback""}, {""lemma"": ""querer"", ""matched_text"": ""quiero"", ""intent"": ""pedido"", ""subintent"": ""iniciar_pedido"", ""weight"": 0.12, ""token_index"": 0, ""source"": ""catalog_fallback""}]","[{""text"": ""quiero"", ""lemma"": ""querer"", ""source"": ""catalog_fallback""}, {""text"": ""reservar"", ""lemma"": ""reservar"", ""source"": ""catalog_fallback""}, {""text"": ""para"", ""lemma"": ""para"", ""source"": ""spacy""}, {""text"": ""el"", ""lemma"": ""el"", ""source"": ""spacy""}, {""text"": ""domingo"", ""lemma"": ""domingo"", ""source"": ""spacy""}, {""text"": ""al"", ""lemma"": ""al"", ""source"": ""spacy""}, {""text"": ""mediodía"", ""lemma"": ""mediodía"", ""source"": ""spacy""}]",True,
caso_079,¿Tienen baño para clientes?,consultar_instalacion,¿tienen baño para clientes?,[],"[{""lemma"": ""tener"", ""matched_text"": ""tienen"", ""intent"": ""catalogo"", ""subintent"": ""consultar_producto"", ""weight"": 0.12, ""token_index"": 1, ""source"": ""catalog_fallback""}]","[{""text"": ""tienen"", ""lemma"": ""tener"", ""source"": ""catalog_fallback""}, {""text"": ""baño"", ""lemma"": ""baño"", ""source"": ""spacy""}, {""text"": ""para"", ""lemma"": ""para"", ""source"": ""spacy""}, {""text"": ""clientes"", ""lemma"": ""cliente"", ""source"": ""spacy""}]",False,
caso_081,¿Hoy sí tienen mapará?,consultar_disponibilidad_producto,¿hoy sí tienen mapará?,"[{""rule_id"": ""AVAILABILITY_PRODUCT"", ""intent"": ""catalogo"", ""subintent"": ""consultar_disponibilidad_producto"", ""weight"": 0.52, ""text"": ""tienen mapará"", ""start_token"": 3, ""end_token"": 5, ""requires_context"": false}]","[{""lemma"": ""tener"", ""matched_text"": ""tienen"", ""intent"": ""catalogo"", ""subintent"": ""consultar_producto"", ""weight"": 0.12, ""token_index"": 3, ""source"": ""catalog_fallback""}]","[{""text"": ""hoy"", ""lemma"": ""hoy"", ""source"": ""spacy""}, {""text"": ""sí"", ""lemma"": ""sí"", ""source"": ""spacy""}, {""text"": ""tienen"", ""lemma"": ""tener"", ""source"": ""catalog_fallback""}, {""text"": ""mapará"", ""lemma"": ""mapacer"", ""source"": ""spacy""}]",False,
caso_082,Deme el mismo de la vez pasada.,repetir_pedido,deme el mismo de la vez pasada.,"[{""rule_id"": ""MENU_RETRY"", ""intent"": ""menu"", ""subintent"": ""reenviar_menu"", ""weight"": 0.65, ""text"": ""vez"", ""start_token"": 5, ""end_token"": 6, ""requires_context"": true}]",[],"[{""text"": ""deme"", ""lemma"": ""deme"", ""source"": ""spacy""}, {""text"": ""el"", ""lemma"": ""el"", ""source"": ""spacy""}, {""text"": ""mismo"", ""lemma"": ""mismo"", ""source"": ""spacy""}, {""text"": ""de"", ""lemma"": ""de"", ""source"": ""spacy""}, {""text"": ""la"", ""lemma"": ""el"", ""source"": ""spacy""}, {""text"": ""vez"", ""lemma"": ""vez"", ""source"": ""spacy""}, {""text"": ""pasada"", ""lemma"": ""pasado"", ""source"": ""spacy""}]",False,
caso_084,¿Me lo manda para la misma dirección?,usar_direccion_previa,¿me lo manda para la misma dirección?,[],"[{""lemma"": ""enviar"", ""matched_text"": ""manda"", ""intent"": ""menu"", ""subintent"": ""solicitar_menu"", ""weight"": 0.16, ""token_index"": 3, ""source"": ""catalog_fallback""}]","[{""text"": ""me"", ""lemma"": ""yo"", ""source"": ""spacy""}, {""text"": ""lo"", ""lemma"": ""él"", ""source"": ""spacy""}, {""text"": ""manda"", ""lemma"": ""enviar"", ""source"": ""catalog_fallback""}, {""text"": ""para"", ""lemma"": ""para"", ""source"": ""spacy""}, {""text"": ""la"", ""lemma"": ""el"", ""source"": ""spacy""}, {""text"": ""misma"", ""lemma"": ""mismo"", ""source"": ""spacy""}, {""text"": ""dirección"", ""lemma"": ""dirección"", ""source"": ""spacy""}]",False,
caso_091,Mándeme dos mojarras fritas.,agregar_productos_pedido,mándeme dos mojarras fritas.,"[{""rule_id"": ""QUANTITY_ONLY"", ""intent"": ""pedido"", ""subintent"": ""indicar_cantidad"", ""weight"": 0.38, ""text"": ""dos"", ""start_token"": 1, ""end_token"": 2, ""requires_context"": true}]",[],"[{""text"": ""mándeme"", ""lemma"": ""mándemir"", ""source"": ""spacy""}, {""text"": ""dos"", ""lemma"": ""dos"", ""source"": ""spacy""}, {""text"": ""mojarras"", ""lemma"": ""mojarra"", ""source"": ""spacy""}, {""text"": ""fritas"", ""lemma"": ""frito"", ""source"": ""spacy""}]",False,
caso_092,"La de siempre, pero sin salsa.",solicitar_modificacion,"la de siempre, pero sin salsa.","[{""rule_id"": ""MODIFICATION_REMOVE"", ""intent"": ""pedido"", ""subintent"": ""solicitar_modificacion"", ""weight"": 0.62, ""text"": ""sin salsa"", ""start_token"": 5, ""end_token"": 7, ""requires_context"": false}]",[],"[{""text"": ""la"", ""lemma"": ""el"", ""source"": ""spacy""}, {""text"": ""de"", ""lemma"": ""de"", ""source"": ""spacy""}, {""text"": ""siempre"", ""lemma"": ""siempre"", ""source"": ""spacy""}, {""text"": ""pero"", ""lemma"": ""pero"", ""source"": ""spacy""}, {""text"": ""sin"", ""lemma"": ""sin"", ""source"": ""spacy""}, {""text"": ""salsa"", ""lemma"": ""salsa"", ""source"": ""spacy""}]",False,
caso_095,¿Hay sancocho de bagre?,consultar_disponibilidad_producto,¿hay sancocho de bagre?,"[{""rule_id"": ""AVAILABILITY_PRODUCT"", ""intent"": ""catalogo"", ""subintent"": ""consultar_disponibilidad_producto"", ""weight"": 0.52, ""text"": ""hay sancocho"", ""start_token"": 1, ""end_token"": 3, ""requires_context"": false}, {""rule_id"": ""AVAILABILITY_PRODUCT"", ""intent"": ""catalogo"", ""subintent"": ""consultar_disponibilidad_producto"", ""weight"": 0.52, ""text"": ""hay sancocho de"", ""start_token"": 1, ""end_token"": 4, ""requires_context"": false}, {""rule_id"": ""AVAILABILITY_PRODUCT"", ""intent"": ""catalogo"", ""subintent"": ""consultar_disponibilidad_producto"", ""weight"": 0.52, ""text"": ""hay sancocho de bagre"", ""start_token"": 1, ""end_token"": 5, ""requires_context"": false}]","[{""lemma"": ""haber"", ""matched_text"": ""hay"", ""intent"": ""catalogo"", ""subintent"": ""consultar_producto"", ""weight"": 0.12, ""token_index"": 1, ""source"": ""catalog_fallback""}]","[{""text"": ""hay"", ""lemma"": ""haber"", ""source"": ""catalog_fallback""}, {""text"": ""sancocho"", ""lemma"": ""sancocho"", ""source"": ""spacy""}, {""text"": ""de"", ""lemma"": ""de"", ""source"": ""spacy""}, {""text"": ""bagre"", ""lemma"": ""bagre"", ""source"": ""spacy""}]",False,
caso_096,¿Me reserva la mesa de siempre?,solicitar_reserva,¿me reserva la mesa de siempre?,"[{""rule_id"": ""RESERVATION_REQUEST"", ""intent"": ""reserva_evento"", ""subintent"": ""solicitar_reserva"", ""weight"": 0.58, ""text"": ""reserva"", ""start_token"": 2, ""end_token"": 3, ""requires_context"": false}, {""rule_id"": ""MENU_REQUEST"", ""intent"": ""menu"", ""subintent"": ""solicitar_menu"", ""weight"": 0.55, ""text"": ""reserva"", ""start_token"": 2, ""end_token"": 3, ""requires_context"": false}, {""rule_id"": ""DELIVERY_QUERY"", ""intent"": ""domicilio"", ""subintent"": ""consultar_domicilio"", ""weight"": 0.54, ""text"": ""reserva"", ""start_token"": 2, ""end_token"": 3, ""requires_context"": false}]","[{""lemma"": ""reservar"", ""matched_text"": ""reserva"", ""intent"": ""reserva_evento"", ""subintent"": ""solicitar_reserva"", ""weight"": 0.25, ""token_index"": 2, ""source"": ""catalog_fallback""}]","[{""text"": ""me"", ""lemma"": ""yo"", ""source"": ""spacy""}, {""text"": ""reserva"", ""lemma"": ""reservar"", ""source"": ""catalog_fallback""}, {""text"": ""la"", ""lemma"": ""el"", ""source"": ""spacy""}, {""text"": ""mesa"", ""lemma"": ""mesa"", ""source"": ""spacy""}, {""text"": ""de"", ""lemma"": ""de"", ""source"": ""spacy""}, {""text"": ""siempre"", ""lemma"": ""siempre"", ""source"": ""spacy""}]",True,
caso_097,¿Qué cambió del menú?,consultar_cambios_menu,¿qué cambió del menú?,"[{""rule_id"": ""MENU_RETRY"", ""intent"": ""menu"", ""subintent"": ""reenviar_menu"", ""weight"": 0.65, ""text"": ""menú"", ""start_token"": 4, ""end_token"": 5, ""requires_context"": true}, {""rule_id"": ""MENU_REQUEST"", ""intent"": ""menu"", ""subintent"": ""solicitar_menu"", ""weight"": 0.55, ""text"": ""menú"", ""start_token"": 4, ""end_token"": 5, ""requires_context"": false}, {""rule_id"": ""DELIVERY_QUERY"", ""intent"": ""domicilio"", ""subintent"": ""consultar_domicilio"", ""weight"": 0.54, ""text"": ""menú"", ""start_token"": 4, ""end_token"": 5, ""requires_context"": false}]",[],"[{""text"": ""qué"", ""lemma"": ""qué"", ""source"": ""spacy""}, {""text"": ""cambió"", ""lemma"": ""cambiar"", ""source"": ""spacy""}, {""text"": ""del"", ""lemma"": ""del"", ""source"": ""spacy""}, {""text"": ""menú"", ""lemma"": ""menú"", ""source"": ""spacy""}]",False,
caso_098,¿La dirección es la misma?,consultar_ubicacion,¿la dirección es la misma?,[],[],"[{""text"": ""la"", ""lemma"": ""el"", ""source"": ""spacy""}, {""text"": ""dirección"", ""lemma"": ""dirección"", ""source"": ""spacy""}, {""text"": ""es"", ""lemma"": ""ser"", ""source"": ""spacy""}, {""text"": ""la"", ""lemma"": ""el"", ""source"": ""spacy""}, {""text"": ""misma"", ""lemma"": ""mismo"", ""source"": ""spacy""}]",False,
caso_099,Anote un arroz con camarón.,agregar_producto_pedido,anote un arroz con camarón.,"[{""rule_id"": ""ORDER_WANT_PRODUCT"", ""intent"": ""pedido"", ""subintent"": ""iniciar_pedido"", ""weight"": 0.58, ""text"": ""anote un arroz"", ""start_token"": 0, ""end_token"": 3, ""requires_context"": false}, {""rule_id"": ""ORDER_WANT_PRODUCT"", ""intent"": ""pedido"", ""subintent"": ""iniciar_pedido"", ""weight"": 0.58, ""text"": ""anote un arroz con"", ""start_token"": 0, ""end_token"": 4, ""requires_context"": false}, {""rule_id"": ""ORDER_WANT_PRODUCT"", ""intent"": ""pedido"", ""subintent"": ""iniciar_pedido"", ""weight"": 0.58, ""text"": ""anote un arroz con camarón"", ""start_token"": 0, ""end_token"": 5, ""requires_context"": false}]",[],"[{""text"": ""anote"", ""lemma"": ""anote"", ""source"": ""spacy""}, {""text"": ""un"", ""lemma"": ""uno"", ""source"": ""spacy""}, {""text"": ""arroz"", ""lemma"": ""arroz"", ""source"": ""spacy""}, {""text"": ""con"", ""lemma"": ""con"", ""source"": ""spacy""}, {""text"": ""camarón"", ""lemma"": ""camarón"", ""source"": ""spacy""}]",False,
caso_103,¿Tienen langostinos?,consultar_producto,¿tienen langostinos?,[],"[{""lemma"": ""tener"", ""matched_text"": ""tienen"", ""intent"": ""catalogo"", ""subintent"": ""consultar_producto"", ""weight"": 0.12, ""token_index"": 1, ""source"": ""catalog_fallback""}]","[{""text"": ""tienen"", ""lemma"": ""tener"", ""source"": ""catalog_fallback""}, {""text"": ""langostinos"", ""lemma"": ""langostino"", ""source"": ""spacy""}]",True,
caso_105,¿Pueden organizar un almuerzo empresarial?,consultar_eventos,¿pueden organizar un almuerzo empresarial?,"[{""rule_id"": ""MENU_REQUEST"", ""intent"": ""menu"", ""subintent"": ""solicitar_menu"", ""weight"": 0.55, ""text"": ""almuerzo"", ""start_token"": 4, ""end_token"": 5, ""requires_context"": false}, {""rule_id"": ""MENU_REQUEST"", ""intent"": ""menu"", ""subintent"": ""solicitar_menu"", ""weight"": 0.55, ""text"": ""almuerzo empresarial"", ""start_token"": 4, ""end_token"": 6, ""requires_context"": false}, {""rule_id"": ""MENU_REQUEST"", ""intent"": ""menu"", ""subintent"": ""solicitar_menu"", ""weight"": 0.55, ""text"": ""empresarial"", ""start_token"": 5, ""end_token"": 6, ""requires_context"": false}, {""rule_id"": ""DELIVERY_QUERY"", ""intent"": ""domicilio"", ""subintent"": ""consultar_domicilio"", ""weight"": 0.54, ""text"": ""almuerzo"", ""start_token"": 4, ""end_token"": 5, ""requires_context"": false}, {""rule_id"": ""DELIVERY_QUERY"", ""intent"": ""domicilio"", ""subintent"": ""consultar_domicilio"", ""weight"": 0.54, ""text"": ""almuerzo empresarial"", ""start_token"": 4, ""end_token"": 6, ""requires_context"": false}, {""rule_id"": ""DELIVERY_QUERY"", ""intent"": ""domicilio"", ""subintent"": ""consultar_domicilio"", ""weight"": 0.54, ""text"": ""empresarial"", ""start_token"": 5, ""end_token"": 6, ""requires_context"": false}]",[],"[{""text"": ""pueden"", ""lemma"": ""poder"", ""source"": ""spacy""}, {""text"": ""organizar"", ""lemma"": ""organizar"", ""source"": ""spacy""}, {""text"": ""un"", ""lemma"": ""uno"", ""source"": ""spacy""}, {""text"": ""almuerzo"", ""lemma"": ""almuerzo"", ""source"": ""spacy""}, {""text"": ""empresarial"", ""lemma"": ""empresarial"", ""source"": ""spacy""}]",False,
caso_113,¿Puedo reservar un espacio privado?,consultar_reserva,¿puedo reservar un espacio privado?,"[{""rule_id"": ""RESERVATION_REQUEST"", ""intent"": ""reserva_evento"", ""subintent"": ""solicitar_reserva"", ""weight"": 0.58, ""text"": ""reservar"", ""start_token"": 2, ""end_token"": 3, ""requires_context"": false}]","[{""lemma"": ""reservar"", ""matched_text"": ""reservar"", ""intent"": ""reserva_evento"", ""subintent"": ""solicitar_reserva"", ""weight"": 0.25, ""token_index"": 2, ""source"": ""catalog_fallback""}]","[{""text"": ""puedo"", ""lemma"": ""poder"", ""source"": ""spacy""}, {""text"": ""reservar"", ""lemma"": ""reservar"", ""source"": ""catalog_fallback""}, {""text"": ""un"", ""lemma"": ""uno"", ""source"": ""spacy""}, {""text"": ""espacio"", ""lemma"": ""espacio"", ""source"": ""spacy""}, {""text"": ""privado"", ""lemma"": ""privado"", ""source"": ""spacy""}]",False,
caso_114,¿Cuál es la capacidad máxima para eventos?,consultar_eventos,¿cuál es la capacidad máxima para eventos?,"[{""rule_id"": ""MENU_REQUEST"", ""intent"": ""menu"", ""subintent"": ""solicitar_menu"", ""weight"": 0.55, ""text"": ""eventos"", ""start_token"": 7, ""end_token"": 8, ""requires_context"": false}, {""rule_id"": ""DELIVERY_QUERY"", ""intent"": ""domicilio"", ""subintent"": ""consultar_domicilio"", ""weight"": 0.54, ""text"": ""eventos"", ""start_token"": 7, ""end_token"": 8, ""requires_context"": false}]",[],"[{""text"": ""cuál"", ""lemma"": ""cuál"", ""source"": ""spacy""}, {""text"": ""es"", ""lemma"": ""ser"", ""source"": ""spacy""}, {""text"": ""la"", ""lemma"": ""el"", ""source"": ""spacy""}, {""text"": ""capacidad"", ""lemma"": ""capacidad"", ""source"": ""spacy""}, {""text"": ""máxima"", ""lemma"": ""máximo"", ""source"": ""spacy""}, {""text"": ""para"", ""lemma"": ""para"", ""source"": ""spacy""}, {""text"": ""eventos"", ""lemma"": ""evento"", ""source"": ""spacy""}]",False,
caso_116,¿El parqueadero tiene costo?,consultar_parqueadero,¿el parqueadero tiene costo?,"[{""rule_id"": ""MENU_REQUEST"", ""intent"": ""menu"", ""subintent"": ""solicitar_menu"", ""weight"": 0.55, ""text"": ""parqueadero"", ""start_token"": 2, ""end_token"": 3, ""requires_context"": false}, {""rule_id"": ""DELIVERY_QUERY"", ""intent"": ""domicilio"", ""subintent"": ""consultar_domicilio"", ""weight"": 0.54, ""text"": ""parqueadero"", ""start_token"": 2, ""end_token"": 3, ""requires_context"": false}]","[{""lemma"": ""tener"", ""matched_text"": ""tiene"", ""intent"": ""catalogo"", ""subintent"": ""consultar_producto"", ""weight"": 0.12, ""token_index"": 3, ""source"": ""catalog_fallback""}]","[{""text"": ""el"", ""lemma"": ""el"", ""source"": ""spacy""}, {""text"": ""parqueadero"", ""lemma"": ""parqueadero"", ""source"": ""spacy""}, {""text"": ""tiene"", ""lemma"": ""tener"", ""source"": ""catalog_fallback""}, {""text"": ""costo"", ""lemma"": ""costo"", ""source"": ""spacy""}]",False,
caso_117,¿Pueden adaptar un plato sin camarón?,solicitar_modificacion,¿pueden adaptar un plato sin camarón?,"[{""rule_id"": ""MODIFICATION_REMOVE"", ""intent"": ""pedido"", ""subintent"": ""solicitar_modificacion"", ""weight"": 0.62, ""text"": ""sin camarón"", ""start_token"": 5, ""end_token"": 7, ""requires_context"": false}]",[],"[{""text"": ""pueden"", ""lemma"": ""poder"", ""source"": ""spacy""}, {""text"": ""adaptar"", ""lemma"": ""adaptar"", ""source"": ""spacy""}, {""text"": ""un"", ""lemma"": ""uno"", ""source"": ""spacy""}, {""text"": ""plato"", ""lemma"": ""plato"", ""source"": ""spacy""}, {""text"": ""sin"", ""lemma"": ""sin"", ""source"": ""spacy""}, {""text"": ""camarón"", ""lemma"": ""camarón"", ""source"": ""spacy""}]",False,
caso_118,Necesito propuesta para veinte personas.,solicitar_evento,necesito propuesta para veinte personas.,"[{""rule_id"": ""QUANTITY_ONLY"", ""intent"": ""pedido"", ""subintent"": ""indicar_cantidad"", ""weight"": 0.38, ""text"": ""veinte"", ""start_token"": 3, ""end_token"": 4, ""requires_context"": true}]",[],"[{""text"": ""necesito"", ""lemma"": ""necesitar"", ""source"": ""spacy""}, {""text"": ""propuesta"", ""lemma"": ""propuesta"", ""source"": ""spacy""}, {""text"": ""para"", ""lemma"": ""para"", ""source"": ""spacy""}, {""text"": ""veinte"", ""lemma"": ""veinte"", ""source"": ""spacy""}, {""text"": ""personas"", ""lemma"": ""persona"", ""source"": ""spacy""}]",False,
caso_119,¿Manejan factura electrónica?,consultar_facturacion,¿manejan factura electrónica?,"[{""rule_id"": ""MENU_REQUEST"", ""intent"": ""menu"", ""subintent"": ""solicitar_menu"", ""weight"": 0.55, ""text"": ""factura"", ""start_token"": 2, ""end_token"": 3, ""requires_context"": false}, {""rule_id"": ""MENU_REQUEST"", ""intent"": ""menu"", ""subintent"": ""solicitar_menu"", ""weight"": 0.55, ""text"": ""factura electrónica"", ""start_token"": 2, ""end_token"": 4, ""requires_context"": false}, {""rule_id"": ""MENU_REQUEST"", ""intent"": ""menu"", ""subintent"": ""solicitar_menu"", ""weight"": 0.55, ""text"": ""electrónica"", ""start_token"": 3, ""end_token"": 4, ""requires_context"": false}, {""rule_id"": ""DELIVERY_QUERY"", ""intent"": ""domicilio"", ""subintent"": ""consultar_domicilio"", ""weight"": 0.54, ""text"": ""factura"", ""start_token"": 2, ""end_token"": 3, ""requires_context"": false}, {""rule_id"": ""DELIVERY_QUERY"", ""intent"": ""domicilio"", ""subintent"": ""consultar_domicilio"", ""weight"": 0.54, ""text"": ""factura electrónica"", ""start_token"": 2, ""end_token"": 4, ""requires_context"": false}, {""rule_id"": ""DELIVERY_QUERY"", ""intent"": ""domicilio"", ""subintent"": ""consultar_domicilio"", ""weight"": 0.54, ""text"": ""electrónica"", ""start_token"": 3, ""end_token"": 4, ""requires_context"": false}]","[{""lemma"": ""facturar"", ""matched_text"": ""factura"", ""intent"": ""operacion"", ""subintent"": ""consultar_facturacion"", ""weight"": 0.24, ""token_index"": 2, ""source"": ""catalog_fallback""}]","[{""text"": ""manejan"", ""lemma"": ""manejar"", ""source"": ""spacy""}, {""text"": ""factura"", ""lemma"": ""facturar"", ""source"": ""catalog_fallback""}, {""text"": ""electrónica"", ""lemma"": ""electrónico"", ""source"": ""spacy""}]",True,
caso_125,quiero pesacado frito,iniciar_pedido,quiero pesacado frito,[],"[{""lemma"": ""querer"", ""matched_text"": ""quiero"", ""intent"": ""pedido"", ""subintent"": ""iniciar_pedido"", ""weight"": 0.12, ""token_index"": 0, ""source"": ""catalog_fallback""}]","[{""text"": ""quiero"", ""lemma"": ""querer"", ""source"": ""catalog_fallback""}, {""text"": ""pesacado"", ""lemma"": ""pesacado"", ""source"": ""spacy""}, {""text"": ""frito"", ""lemma"": ""frito"", ""source"": ""spacy""}]",True,
caso_131,tiene camaron,consultar_producto,tiene camaron,"[{""rule_id"": ""AVAILABILITY_PRODUCT"", ""intent"": ""catalogo"", ""subintent"": ""consultar_disponibilidad_producto"", ""weight"": 0.52, ""text"": ""tiene camaron"", ""start_token"": 0, ""end_token"": 2, ""requires_context"": false}]","[{""lemma"": ""tener"", ""matched_text"": ""tiene"", ""intent"": ""catalogo"", ""subintent"": ""consultar_producto"", ""weight"": 0.12, ""token_index"": 0, ""source"": ""catalog_fallback""}]","[{""text"": ""tiene"", ""lemma"": ""tener"", ""source"": ""catalog_fallback""}, {""text"": ""camaron"", ""lemma"": ""camar"", ""source"": ""spacy""}]",True,
caso_132,uno de esos,agregar_producto_pedido,uno de esos,"[{""rule_id"": ""QUANTITY_ONLY"", ""intent"": ""pedido"", ""subintent"": ""indicar_cantidad"", ""weight"": 0.38, ""text"": ""uno"", ""start_token"": 0, ""end_token"": 1, ""requires_context"": true}]",[],"[{""text"": ""uno"", ""lemma"": ""uno"", ""source"": ""spacy""}, {""text"": ""de"", ""lemma"": ""de"", ""source"": ""spacy""}, {""text"": ""esos"", ""lemma"": ""ese"", ""source"": ""spacy""}]",False,
caso_133,lo quiero en salsa,seleccionar_preparacion,lo quiero en salsa,[],"[{""lemma"": ""querer"", ""matched_text"": ""quiero"", ""intent"": ""pedido"", ""subintent"": ""iniciar_pedido"", ""weight"": 0.12, ""token_index"": 1, ""source"": ""catalog_fallback""}]","[{""text"": ""lo"", ""lemma"": ""él"", ""source"": ""spacy""}, {""text"": ""quiero"", ""lemma"": ""querer"", ""source"": ""catalog_fallback""}, {""text"": ""en"", ""lemma"": ""en"", ""source"": ""spacy""}, {""text"": ""salsa"", ""lemma"": ""salso"", ""source"": ""spacy""}]",False,
caso_139,quiero dos mojaras,agregar_producto_pedido,quiero dos mojaras,"[{""rule_id"": ""QUANTITY_ONLY"", ""intent"": ""pedido"", ""subintent"": ""indicar_cantidad"", ""weight"": 0.38, ""text"": ""dos"", ""start_token"": 1, ""end_token"": 2, ""requires_context"": true}]","[{""lemma"": ""querer"", ""matched_text"": ""quiero"", ""intent"": ""pedido"", ""subintent"": ""iniciar_pedido"", ""weight"": 0.12, ""token_index"": 0, ""source"": ""catalog_fallback""}]","[{""text"": ""quiero"", ""lemma"": ""querer"", ""source"": ""catalog_fallback""}, {""text"": ""dos"", ""lemma"": ""dos"", ""source"": ""spacy""}, {""text"": ""mojaras"", ""lemma"": ""mojara"", ""source"": ""spacy""}]",False,
caso_144,precios,consultar_precios_generales,precios,[],"[{""lemma"": ""precio"", ""matched_text"": ""precios"", ""intent"": ""precio"", ""subintent"": ""consultar_precios_generales"", ""weight"": 0.18, ""token_index"": 0, ""source"": ""catalog_fallback""}]","[{""text"": ""precios"", ""lemma"": ""precio"", ""source"": ""catalog_fallback""}]",True,
caso_145,qué hay,consultar_menu_general,qué hay,[],"[{""lemma"": ""haber"", ""matched_text"": ""hay"", ""intent"": ""catalogo"", ""subintent"": ""consultar_producto"", ""weight"": 0.12, ""token_index"": 1, ""source"": ""catalog_fallback""}]","[{""text"": ""qué"", ""lemma"": ""qué"", ""source"": ""spacy""}, {""text"": ""hay"", ""lemma"": ""haber"", ""source"": ""catalog_fallback""}]",False,
caso_147,uno frito,seleccionar_preparacion,uno frito,"[{""rule_id"": ""QUANTITY_ONLY"", ""intent"": ""pedido"", ""subintent"": ""indicar_cantidad"", ""weight"": 0.38, ""text"": ""uno"", ""start_token"": 0, ""end_token"": 1, ""requires_context"": true}]",[],"[{""text"": ""uno"", ""lemma"": ""uno"", ""source"": ""spacy""}, {""text"": ""frito"", ""lemma"": ""frito"", ""source"": ""spacy""}]",False,
caso_153,2,indicar_cantidad,2,"[{""rule_id"": ""QUANTITY_ONLY"", ""intent"": ""pedido"", ""subintent"": ""indicar_cantidad"", ""weight"": 0.38, ""text"": ""2"", ""start_token"": 0, ""end_token"": 1, ""requires_context"": true}]",[],[],False,
caso_156,qué es marinera,consultar_definicion_preparacion,qué es marinera,[],[],"[{""text"": ""qué"", ""lemma"": ""qué"", ""source"": ""spacy""}, {""text"": ""es"", ""lemma"": ""ser"", ""source"": ""spacy""}, {""text"": ""marinera"", ""lemma"": ""marinera"", ""source"": ""spacy""}]",False,
caso_161,¿La cazuela tiene leche o crema?,consultar_alergenos,¿la cazuela tiene leche o crema?,[],"[{""lemma"": ""tener"", ""matched_text"": ""tiene"", ""intent"": ""catalogo"", ""subintent"": ""consultar_producto"", ""weight"": 0.12, ""token_index"": 3, ""source"": ""catalog_fallback""}]","[{""text"": ""la"", ""lemma"": ""el"", ""source"": ""spacy""}, {""text"": ""cazuela"", ""lemma"": ""cazuela"", ""source"": ""spacy""}, {""text"": ""tiene"", ""lemma"": ""tener"", ""source"": ""catalog_fallback""}, {""text"": ""leche"", ""lemma"": ""leche"", ""source"": ""spacy""}, {""text"": ""crema"", ""lemma"": ""crema"", ""source"": ""spacy""}]",False,
caso_163,¿Qué opción no es frita?,consultar_preparacion,¿qué opción no es frita?,[],[],"[{""text"": ""qué"", ""lemma"": ""qué"", ""source"": ""spacy""}, {""text"": ""opción"", ""lemma"": ""opción"", ""source"": ""spacy""}, {""text"": ""no"", ""lemma"": ""no"", ""source"": ""spacy""}, {""text"": ""es"", ""lemma"": ""ser"", ""source"": ""spacy""}, {""text"": ""frita"", ""lemma"": ""frito"", ""source"": ""spacy""}]",False,
caso_165,"Soy alérgica al camarón, ¿qué puedo pedir?",solicitar_recomendacion_por_alergia,"soy alérgica al camarón, ¿qué puedo pedir?","[{""rule_id"": ""ALLERGY_QUERY"", ""intent"": ""seguridad_alimentaria"", ""subintent"": ""consultar_alergenos"", ""weight"": 0.8, ""text"": ""alérgica al camarón"", ""start_token"": 1, ""end_token"": 4, ""requires_context"": false}]","[{""lemma"": ""alérgico"", ""matched_text"": ""alérgica"", ""intent"": ""seguridad_alimentaria"", ""subintent"": ""consultar_alergenos"", ""weight"": 0.42, ""token_index"": 1, ""source"": ""catalog_fallback""}, {""lemma"": ""pedir"", ""matched_text"": ""pedir"", ""intent"": ""pedido"", ""subintent"": ""iniciar_pedido"", ""weight"": 0.24, ""token_index"": 8, ""source"": ""catalog_fallback""}]","[{""text"": ""soy"", ""lemma"": ""ser"", ""source"": ""spacy""}, {""text"": ""alérgica"", ""lemma"": ""alérgico"", ""source"": ""catalog_fallback""}, {""text"": ""al"", ""lemma"": ""al"", ""source"": ""spacy""}, {""text"": ""camarón"", ""lemma"": ""camarón"", ""source"": ""spacy""}, {""text"": ""qué"", ""lemma"": ""qué"", ""source"": ""spacy""}, {""text"": ""puedo"", ""lemma"": ""poder"", ""source"": ""spacy""}, {""text"": ""pedir"", ""lemma"": ""pedir"", ""source"": ""catalog_fallback""}]",False,
caso_170,¿Qué platos tienen sin mariscos?,consultar_categoria_por_restriccion,¿qué platos tienen sin mariscos?,[],"[{""lemma"": ""tener"", ""matched_text"": ""tienen"", ""intent"": ""catalogo"", ""subintent"": ""consultar_producto"", ""weight"": 0.12, ""token_index"": 3, ""source"": ""catalog_fallback""}]","[{""text"": ""qué"", ""lemma"": ""qué"", ""source"": ""spacy""}, {""text"": ""platos"", ""lemma"": ""plato"", ""source"": ""spacy""}, {""text"": ""tienen"", ""lemma"": ""tener"", ""source"": ""catalog_fallback""}, {""text"": ""sin"", ""lemma"": ""sin"", ""source"": ""spacy""}, {""text"": ""mariscos"", ""lemma"": ""marisco"", ""source"": ""spacy""}]",False,
caso_171,¿La salsa marinera contiene lácteos?,consultar_alergenos,¿la salsa marinera contiene lácteos?,[],[],"[{""text"": ""la"", ""lemma"": ""el"", ""source"": ""spacy""}, {""text"": ""salsa"", ""lemma"": ""salso"", ""source"": ""spacy""}, {""text"": ""marinera"", ""lemma"": ""marinera"", ""source"": ""spacy""}, {""text"": ""contiene"", ""lemma"": ""contener"", ""source"": ""spacy""}, {""text"": ""lácteos"", ""lemma"": ""lácteo"", ""source"": ""spacy""}]",False,
caso_172,¿Pueden usar utensilios separados?,consultar_contaminacion_cruzada,¿pueden usar utensilios separados?,"[{""rule_id"": ""CROSS_CONTAMINATION"", ""intent"": ""seguridad_alimentaria"", ""subintent"": ""consultar_contaminacion_cruzada"", ""weight"": 0.82, ""text"": ""utensilios"", ""start_token"": 3, ""end_token"": 4, ""requires_context"": false}, {""rule_id"": ""CROSS_CONTAMINATION"", ""intent"": ""seguridad_alimentaria"", ""subintent"": ""consultar_contaminacion_cruzada"", ""weight"": 0.82, ""text"": ""utensilios separados"", ""start_token"": 3, ""end_token"": 5, ""requires_context"": false}]",[],"[{""text"": ""pueden"", ""lemma"": ""poder"", ""source"": ""spacy""}, {""text"": ""usar"", ""lemma"": ""usar"", ""source"": ""spacy""}, {""text"": ""utensilios"", ""lemma"": ""utensilio"", ""source"": ""spacy""}, {""text"": ""separados"", ""lemma"": ""separado"", ""source"": ""spacy""}]",False,
caso_173,¿Cuál plato no lleva gluten?,solicitar_recomendacion_por_restriccion,¿cuál plato no lleva gluten?,[],[],"[{""text"": ""cuál"", ""lemma"": ""cuál"", ""source"": ""spacy""}, {""text"": ""plato"", ""lemma"": ""plato"", ""source"": ""spacy""}, {""text"": ""no"", ""lemma"": ""no"", ""source"": ""spacy""}, {""text"": ""lleva"", ""lemma"": ""llevar"", ""source"": ""spacy""}, {""text"": ""gluten"", ""lemma"": ""glutir"", ""source"": ""spacy""}]",False,
caso_174,¿La mojarra se puede hacer a la plancha?,consultar_preparacion_producto,¿la mojarra se puede hacer a la plancha?,[],[],"[{""text"": ""la"", ""lemma"": ""el"", ""source"": ""spacy""}, {""text"": ""mojarra"", ""lemma"": ""mojarra"", ""source"": ""spacy""}, {""text"": ""se"", ""lemma"": ""él"", ""source"": ""spacy""}, {""text"": ""puede"", ""lemma"": ""poder"", ""source"": ""spacy""}, {""text"": ""hacer"", ""lemma"": ""hacer"", ""source"": ""spacy""}, {""text"": ""la"", ""lemma"": ""el"", ""source"": ""spacy""}, {""text"": ""plancha"", ""lemma"": ""plancha"", ""source"": ""spacy""}]",False,
caso_176,¿Qué acompañamientos tienen huevo?,consultar_alergenos,¿qué acompañamientos tienen huevo?,[],"[{""lemma"": ""tener"", ""matched_text"": ""tienen"", ""intent"": ""catalogo"", ""subintent"": ""consultar_producto"", ""weight"": 0.12, ""token_index"": 3, ""source"": ""catalog_fallback""}]","[{""text"": ""qué"", ""lemma"": ""qué"", ""source"": ""spacy""}, {""text"": ""acompañamientos"", ""lemma"": ""acompañamiento"", ""source"": ""spacy""}, {""text"": ""tienen"", ""lemma"": ""tener"", ""source"": ""catalog_fallback""}, {""text"": ""huevo"", ""lemma"": ""huevo"", ""source"": ""spacy""}]",False,
caso_177,¿El aceite se comparte con productos apanados?,consultar_contaminacion_cruzada,¿el aceite se comparte con productos apanados?,"[{""rule_id"": ""CROSS_CONTAMINATION"", ""intent"": ""seguridad_alimentaria"", ""subintent"": ""consultar_contaminacion_cruzada"", ""weight"": 0.82, ""text"": ""aceite"", ""start_token"": 2, ""end_token"": 3, ""requires_context"": false}]",[],"[{""text"": ""el"", ""lemma"": ""el"", ""source"": ""spacy""}, {""text"": ""aceite"", ""lemma"": ""aceite"", ""source"": ""spacy""}, {""text"": ""se"", ""lemma"": ""él"", ""source"": ""spacy""}, {""text"": ""comparte"", ""lemma"": ""compartir"", ""source"": ""spacy""}, {""text"": ""con"", ""lemma"": ""con"", ""source"": ""spacy""}, {""text"": ""productos"", ""lemma"": ""producto"", ""source"": ""spacy""}, {""text"": ""apanados"", ""lemma"": ""apanado"", ""source"": ""spacy""}]",False,
caso_178,¿Tienen una opción vegetariana?,consultar_categoria_por_restriccion,¿tienen una opción vegetariana?,[],"[{""lemma"": ""tener"", ""matched_text"": ""tienen"", ""intent"": ""catalogo"", ""subintent"": ""consultar_producto"", ""weight"": 0.12, ""token_index"": 1, ""source"": ""catalog_fallback""}]","[{""text"": ""tienen"", ""lemma"": ""tener"", ""source"": ""catalog_fallback""}, {""text"": ""una"", ""lemma"": ""uno"", ""source"": ""spacy""}, {""text"": ""opción"", ""lemma"": ""opción"", ""source"": ""spacy""}, {""text"": ""vegetariana"", ""lemma"": ""vegetarián"", ""source"": ""spacy""}]",False,
caso_181,Necesito almuerzo para doce personas.,iniciar_pedido_grupal,necesito almuerzo para doce personas.,"[{""rule_id"": ""QUANTITY_ONLY"", ""intent"": ""pedido"", ""subintent"": ""indicar_cantidad"", ""weight"": 0.38, ""text"": ""doce"", ""start_token"": 3, ""end_token"": 4, ""requires_context"": true}]",[],"[{""text"": ""necesito"", ""lemma"": ""necesitar"", ""source"": ""spacy""}, {""text"": ""almuerzo"", ""lemma"": ""almuerzo"", ""source"": ""spacy""}, {""text"": ""para"", ""lemma"": ""para"", ""source"": ""spacy""}, {""text"": ""doce"", ""lemma"": ""doce"", ""source"": ""spacy""}, {""text"": ""personas"", ""lemma"": ""persona"", ""source"": ""spacy""}]",False,
caso_182,¿Pueden entregar todos los pedidos marcados?,consultar_empaque,¿pueden entregar todos los pedidos marcados?,[],"[{""lemma"": ""pedir"", ""matched_text"": ""pedidos"", ""intent"": ""pedido"", ""subintent"": ""iniciar_pedido"", ""weight"": 0.24, ""token_index"": 5, ""source"": ""catalog_fallback""}]","[{""text"": ""pueden"", ""lemma"": ""poder"", ""source"": ""spacy""}, {""text"": ""entregar"", ""lemma"": ""entregar"", ""source"": ""spacy""}, {""text"": ""todos"", ""lemma"": ""todo"", ""source"": ""spacy""}, {""text"": ""los"", ""lemma"": ""el"", ""source"": ""spacy""}, {""text"": ""pedidos"", ""lemma"": ""pedir"", ""source"": ""catalog_fallback""}, {""text"": ""marcados"", ""lemma"": ""marcado"", ""source"": ""spacy""}]",False,
caso_183,¿Manejan factura electrónica?,consultar_facturacion,¿manejan factura electrónica?,"[{""rule_id"": ""MENU_REQUEST"", ""intent"": ""menu"", ""subintent"": ""solicitar_menu"", ""weight"": 0.55, ""text"": ""factura"", ""start_token"": 2, ""end_token"": 3, ""requires_context"": false}, {""rule_id"": ""MENU_REQUEST"", ""intent"": ""menu"", ""subintent"": ""solicitar_menu"", ""weight"": 0.55, ""text"": ""factura electrónica"", ""start_token"": 2, ""end_token"": 4, ""requires_context"": false}, {""rule_id"": ""MENU_REQUEST"", ""intent"": ""menu"", ""subintent"": ""solicitar_menu"", ""weight"": 0.55, ""text"": ""electrónica"", ""start_token"": 3, ""end_token"": 4, ""requires_context"": false}, {""rule_id"": ""DELIVERY_QUERY"", ""intent"": ""domicilio"", ""subintent"": ""consultar_domicilio"", ""weight"": 0.54, ""text"": ""factura"", ""start_token"": 2, ""end_token"": 3, ""requires_context"": false}, {""rule_id"": ""DELIVERY_QUERY"", ""intent"": ""domicilio"", ""subintent"": ""consultar_domicilio"", ""weight"": 0.54, ""text"": ""factura electrónica"", ""start_token"": 2, ""end_token"": 4, ""requires_context"": false}, {""rule_id"": ""DELIVERY_QUERY"", ""intent"": ""domicilio"", ""subintent"": ""consultar_domicilio"", ""weight"": 0.54, ""text"": ""electrónica"", ""start_token"": 3, ""end_token"": 4, ""requires_context"": false}]","[{""lemma"": ""facturar"", ""matched_text"": ""factura"", ""intent"": ""operacion"", ""subintent"": ""consultar_facturacion"", ""weight"": 0.24, ""token_index"": 2, ""source"": ""catalog_fallback""}]","[{""text"": ""manejan"", ""lemma"": ""manejar"", ""source"": ""spacy""}, {""text"": ""factura"", ""lemma"": ""facturar"", ""source"": ""catalog_fallback""}, {""text"": ""electrónica"", ""lemma"": ""electrónico"", ""source"": ""spacy""}]",True,
caso_185,¿Puedo programarlo para la una?,consultar_pedido_programado,¿puedo programarlo para la una?,"[{""rule_id"": ""MENU_REQUEST"", ""intent"": ""menu"", ""subintent"": ""solicitar_menu"", ""weight"": 0.55, ""text"": ""programarlo"", ""start_token"": 2, ""end_token"": 3, ""requires_context"": false}, {""rule_id"": ""DELIVERY_QUERY"", ""intent"": ""domicilio"", ""subintent"": ""consultar_domicilio"", ""weight"": 0.54, ""text"": ""programarlo"", ""start_token"": 2, ""end_token"": 3, ""requires_context"": false}]",[],"[{""text"": ""puedo"", ""lemma"": ""poder"", ""source"": ""spacy""}, {""text"": ""programarlo"", ""lemma"": ""programar él"", ""source"": ""spacy""}, {""text"": ""para"", ""lemma"": ""para"", ""source"": ""spacy""}, {""text"": ""la"", ""lemma"": ""el"", ""source"": ""spacy""}, {""text"": ""una"", ""lemma"": ""uno"", ""source"": ""spacy""}]",False,
caso_191,Necesito seis bagres y seis arroces con camarón.,agregar_productos_pedido,necesito seis bagres y seis arroces con camarón.,"[{""rule_id"": ""QUANTITY_ONLY"", ""intent"": ""pedido"", ""subintent"": ""indicar_cantidad"", ""weight"": 0.38, ""text"": ""seis"", ""start_token"": 1, ""end_token"": 2, ""requires_context"": true}, {""rule_id"": ""QUANTITY_ONLY"", ""intent"": ""pedido"", ""subintent"": ""indicar_cantidad"", ""weight"": 0.38, ""text"": ""seis"", ""start_token"": 4, ""end_token"": 5, ""requires_context"": true}]",[],"[{""text"": ""necesito"", ""lemma"": ""necesitar"", ""source"": ""spacy""}, {""text"": ""seis"", ""lemma"": ""seis"", ""source"": ""spacy""}, {""text"": ""bagres"", ""lemma"": ""bagr"", ""source"": ""spacy""}, {""text"": ""seis"", ""lemma"": ""seis"", ""source"": ""spacy""}, {""text"": ""arroces"", ""lemma"": ""arroz"", ""source"": ""spacy""}, {""text"": ""con"", ""lemma"": ""con"", ""source"": ""spacy""}, {""text"": ""camarón"", ""lemma"": ""camarón"", ""source"": ""spacy""}]",False,
caso_192,¿Pueden poner el nombre de cada persona?,consultar_empaque,¿pueden poner el nombre de cada persona?,"[{""rule_id"": ""MENU_REQUEST"", ""intent"": ""menu"", ""subintent"": ""solicitar_menu"", ""weight"": 0.55, ""text"": ""nombre"", ""start_token"": 4, ""end_token"": 5, ""requires_context"": false}, {""rule_id"": ""MENU_REQUEST"", ""intent"": ""menu"", ""subintent"": ""solicitar_menu"", ""weight"": 0.55, ""text"": ""nombre de"", ""start_token"": 4, ""end_token"": 6, ""requires_context"": false}, {""rule_id"": ""MENU_REQUEST"", ""intent"": ""menu"", ""subintent"": ""solicitar_menu"", ""weight"": 0.55, ""text"": ""nombre de cada"", ""start_token"": 4, ""end_token"": 7, ""requires_context"": false}, {""rule_id"": ""MENU_REQUEST"", ""intent"": ""menu"", ""subintent"": ""solicitar_menu"", ""weight"": 0.55, ""text"": ""nombre de cada persona"", ""start_token"": 4, ""end_token"": 8, ""requires_context"": false}, {""rule_id"": ""MENU_REQUEST"", ""intent"": ""menu"", ""subintent"": ""solicitar_menu"", ""weight"": 0.55, ""text"": ""de"", ""start_token"": 5, ""end_token"": 6, ""requires_context"": false}, {""rule_id"": ""MENU_REQUEST"", ""intent"": ""menu"", ""subintent"": ""solicitar_menu"", ""weight"": 0.55, ""text"": ""de cada"", ""start_token"": 5, ""end_token"": 7, ""requires_context"": false}, {""rule_id"": ""MENU_REQUEST"", ""intent"": ""menu"", ""subintent"": ""solicitar_menu"", ""weight"": 0.55, ""text"": ""de cada persona"", ""start_token"": 5, ""end_token"": 8, ""requires_context"": false}, {""rule_id"": ""MENU_REQUEST"", ""intent"": ""menu"", ""subintent"": ""solicitar_menu"", ""weight"": 0.55, ""text"": ""cada"", ""start_token"": 6, ""end_token"": 7, ""requires_context"": false}, {""rule_id"": ""MENU_REQUEST"", ""intent"": ""menu"", ""subintent"": ""solicitar_menu"", ""weight"": 0.55, ""text"": ""cada persona"", ""start_token"": 6, ""end_token"": 8, ""requires_context"": false}, {""rule_id"": ""MENU_REQUEST"", ""intent"": ""menu"", ""subintent"": ""solicitar_menu"", ""weight"": 0.55, ""text"": ""persona"", ""start_token"": 7, ""end_token"": 8, ""requires_context"": false}, {""rule_id"": ""DELIVERY_QUERY"", ""intent"": ""domicilio"", ""subintent"": ""consultar_domicilio"", ""weight"": 0.54, ""text"": ""nombre"", ""start_token"": 4, ""end_token"": 5, ""requires_context"": false}, {""rule_id"": ""DELIVERY_QUERY"", ""intent"": ""domicilio"", ""subintent"": ""consultar_domicilio"", ""weight"": 0.54, ""text"": ""nombre de"", ""start_token"": 4, ""end_token"": 6, ""requires_context"": false}, {""rule_id"": ""DELIVERY_QUERY"", ""intent"": ""domicilio"", ""subintent"": ""consultar_domicilio"", ""weight"": 0.54, ""text"": ""nombre de cada"", ""start_token"": 4, ""end_token"": 7, ""requires_context"": false}, {""rule_id"": ""DELIVERY_QUERY"", ""intent"": ""domicilio"", ""subintent"": ""consultar_domicilio"", ""weight"": 0.54, ""text"": ""nombre de cada persona"", ""start_token"": 4, ""end_token"": 8, ""requires_context"": false}, {""rule_id"": ""DELIVERY_QUERY"", ""intent"": ""domicilio"", ""subintent"": ""consultar_domicilio"", ""weight"": 0.54, ""text"": ""de"", ""start_token"": 5, ""end_token"": 6, ""requires_context"": false}, {""rule_id"": ""DELIVERY_QUERY"", ""intent"": ""domicilio"", ""subintent"": ""consultar_domicilio"", ""weight"": 0.54, ""text"": ""de cada"", ""start_token"": 5, ""end_token"": 7, ""requires_context"": false}, {""rule_id"": ""DELIVERY_QUERY"", ""intent"": ""domicilio"", ""subintent"": ""consultar_domicilio"", ""weight"": 0.54, ""text"": ""de cada persona"", ""start_token"": 5, ""end_token"": 8, ""requires_context"": false}, {""rule_id"": ""DELIVERY_QUERY"", ""intent"": ""domicilio"", ""subintent"": ""consultar_domicilio"", ""weight"": 0.54, ""text"": ""cada"", ""start_token"": 6, ""end_token"": 7, ""requires_context"": false}, {""rule_id"": ""DELIVERY_QUERY"", ""intent"": ""domicilio"", ""subintent"": ""consultar_domicilio"", ""weight"": 0.54, ""text"": ""cada persona"", ""start_token"": 6, ""end_token"": 8, ""requires_context"": false}, {""rule_id"": ""DELIVERY_QUERY"", ""intent"": ""domicilio"", ""subintent"": ""consultar_domicilio"", ""weight"": 0.54, ""text"": ""persona"", ""start_token"": 7, ""end_token"": 8, ""requires_context"": false}]",[],"[{""text"": ""pueden"", ""lemma"": ""poder"", ""source"": ""spacy""}, {""text"": ""poner"", ""lemma"": ""poner"", ""source"": ""spacy""}, {""text"": ""el"", ""lemma"": ""el"", ""source"": ""spacy""}, {""text"": ""nombre"", ""lemma"": ""nombre"", ""source"": ""spacy""}, {""text"": ""de"", ""lemma"": ""de"", ""source"": ""spacy""}, {""text"": ""cada"", ""lemma"": ""cada"", ""source"": ""spacy""}, {""text"": ""persona"", ""lemma"": ""persona"", ""source"": ""spacy""}]",False,
caso_193,¿Cuál es el tiempo de entrega para doce pedidos?,consultar_domicilio_grupal,¿cuál es el tiempo de entrega para doce pedidos?,"[{""rule_id"": ""MENU_REQUEST"", ""intent"": ""menu"", ""subintent"": ""solicitar_menu"", ""weight"": 0.55, ""text"": ""entrega"", ""start_token"": 6, ""end_token"": 7, ""requires_context"": false}, {""rule_id"": ""DELIVERY_QUERY"", ""intent"": ""domicilio"", ""subintent"": ""consultar_domicilio"", ""weight"": 0.54, ""text"": ""entrega"", ""start_token"": 6, ""end_token"": 7, ""requires_context"": false}, {""rule_id"": ""QUANTITY_ONLY"", ""intent"": ""pedido"", ""subintent"": ""indicar_cantidad"", ""weight"": 0.38, ""text"": ""doce"", ""start_token"": 8, ""end_token"": 9, ""requires_context"": true}]","[{""lemma"": ""pedir"", ""matched_text"": ""pedidos"", ""intent"": ""pedido"", ""subintent"": ""iniciar_pedido"", ""weight"": 0.24, ""token_index"": 9, ""source"": ""catalog_fallback""}, {""lemma"": ""domicilio"", ""matched_text"": ""entrega"", ""intent"": ""domicilio"", ""subintent"": ""consultar_domicilio"", ""weight"": 0.2, ""token_index"": 6, ""source"": ""catalog_fallback""}]","[{""text"": ""cuál"", ""lemma"": ""cuál"", ""source"": ""spacy""}, {""text"": ""es"", ""lemma"": ""ser"", ""source"": ""spacy""}, {""text"": ""el"", ""lemma"": ""el"", ""source"": ""spacy""}, {""text"": ""tiempo"", ""lemma"": ""tiempo"", ""source"": ""spacy""}, {""text"": ""de"", ""lemma"": ""de"", ""source"": ""spacy""}, {""text"": ""entrega"", ""lemma"": ""domicilio"", ""source"": ""catalog_fallback""}, {""text"": ""para"", ""lemma"": ""para"", ""source"": ""spacy""}, {""text"": ""doce"", ""lemma"": ""doce"", ""source"": ""spacy""}, {""text"": ""pedidos"", ""lemma"": ""pedir"", ""source"": ""catalog_fallback""}]",False,
caso_198,¿Tienen capacidad para cincuenta personas?,consultar_eventos,¿tienen capacidad para cincuenta personas?,"[{""rule_id"": ""QUANTITY_ONLY"", ""intent"": ""pedido"", ""subintent"": ""indicar_cantidad"", ""weight"": 0.38, ""text"": ""cincuenta"", ""start_token"": 4, ""end_token"": 5, ""requires_context"": true}]","[{""lemma"": ""tener"", ""matched_text"": ""tienen"", ""intent"": ""catalogo"", ""subintent"": ""consultar_producto"", ""weight"": 0.12, ""token_index"": 1, ""source"": ""catalog_fallback""}]","[{""text"": ""tienen"", ""lemma"": ""tener"", ""source"": ""catalog_fallback""}, {""text"": ""capacidad"", ""lemma"": ""capacidad"", ""source"": ""spacy""}, {""text"": ""para"", ""lemma"": ""para"", ""source"": ""spacy""}, {""text"": ""cincuenta"", ""lemma"": ""cincuenta"", ""source"": ""spacy""}, {""text"": ""personas"", ""lemma"": ""persona"", ""source"": ""spacy""}]",False,
caso_199,¿Puedo pagar una parte por transferencia y otra con tarjeta?,consultar_pago_mixto,¿puedo pagar una parte por transferencia y otra con tarjeta?,"[{""rule_id"": ""MENU_RETRY"", ""intent"": ""menu"", ""subintent"": ""reenviar_menu"", ""weight"": 0.65, ""text"": ""otra"", ""start_token"": 8, ""end_token"": 9, ""requires_context"": true}, {""rule_id"": ""PAYMENT_QUERY"", ""intent"": ""pago"", ""subintent"": ""consultar_medio_pago"", ""weight"": 0.55, ""text"": ""transferencia"", ""start_token"": 6, ""end_token"": 7, ""requires_context"": false}]","[{""lemma"": ""pagar"", ""matched_text"": ""pagar"", ""intent"": ""pago"", ""subintent"": ""consultar_medio_pago"", ""weight"": 0.2, ""token_index"": 2, ""source"": ""catalog_fallback""}]","[{""text"": ""puedo"", ""lemma"": ""poder"", ""source"": ""spacy""}, {""text"": ""pagar"", ""lemma"": ""pagar"", ""source"": ""catalog_fallback""}, {""text"": ""una"", ""lemma"": ""uno"", ""source"": ""spacy""}, {""text"": ""parte"", ""lemma"": ""parte"", ""source"": ""spacy""}, {""text"": ""por"", ""lemma"": ""por"", ""source"": ""spacy""}, {""text"": ""transferencia"", ""lemma"": ""transferencia"", ""source"": ""spacy""}, {""text"": ""otra"", ""lemma"": ""otro"", ""source"": ""spacy""}, {""text"": ""con"", ""lemma"": ""con"", ""source"": ""spacy""}, {""text"": ""tarjeta"", ""lemma"": ""tarjeta"", ""source"": ""spacy""}]",False,
